<?xml version='1.0' encoding='utf-8'?>
<TextureAtlas imagePath="background.png">
<SubTexture name="background idle0000" x="0" y="0" width="1920" height="1080" frameX="0" frameY="0" frameWidth="1920" frameHeight="1080" />
<SubTexture name="background idle0001" x="1920" y="0" width="1920" height="1080" frameX="0" frameY="0" frameWidth="1920" frameHeight="1080" />
<SubTexture name="background idle0002" x="0" y="1080" width="1920" height="1080" frameX="0" frameY="0" frameWidth="1920" frameHeight="1080" />
<SubTexture name="background idle0003" x="1920" y="1080" width="1920" height="1080" frameX="0" frameY="0" frameWidth="1920" frameHeight="1080" />
<SubTexture name="background idle0004" x="0" y="2160" width="1920" height="1080" frameX="0" frameY="0" frameWidth="1920" frameHeight="1080" />
<SubTexture name="background idle0005" x="1920" y="2160" width="1920" height="1080" frameX="0" frameY="0" frameWidth="1920" frameHeight="1080" />
<SubTexture name="background idle0006" x="3840" y="0" width="1920" height="1080" frameX="0" frameY="0" frameWidth="1920" frameHeight="1080" />
<SubTexture name="background idle0007" x="3840" y="1080" width="1920" height="1080" frameX="0" frameY="0" frameWidth="1920" frameHeight="1080" />
<SubTexture name="background idle0008" x="3840" y="2160" width="1920" height="1080" frameX="0" frameY="0" frameWidth="1920" frameHeight="1080" />
<SubTexture name="background idle0009" x="0" y="3240" width="1920" height="1080" frameX="0" frameY="0" frameWidth="1920" frameHeight="1080" />
<SubTexture name="background idle0010" x="1920" y="3240" width="1920" height="1080" frameX="0" frameY="0" frameWidth="1920" frameHeight="1080" />
<SubTexture name="background idle0011" x="3840" y="3240" width="1920" height="1080" frameX="0" frameY="0" frameWidth="1920" frameHeight="1080" />
<SubTexture name="background idle0012" x="0" y="4320" width="1920" height="1080" frameX="0" frameY="0" frameWidth="1920" frameHeight="1080" />
<SubTexture name="background idle0013" x="1920" y="4320" width="1920" height="1080" frameX="0" frameY="0" frameWidth="1920" frameHeight="1080" />
<SubTexture name="background idle0014" x="3840" y="4320" width="1920" height="1080" frameX="0" frameY="0" frameWidth="1920" frameHeight="1080" />
<SubTexture name="background idle0015" x="5760" y="0" width="1920" height="1080" frameX="0" frameY="0" frameWidth="1920" frameHeight="1080" />
<SubTexture name="background idle0016" x="5760" y="1080" width="1920" height="1080" frameX="0" frameY="0" frameWidth="1920" frameHeight="1080" />
<SubTexture name="background idle0017" x="5760" y="2160" width="1920" height="1080" frameX="0" frameY="0" frameWidth="1920" frameHeight="1080" />
<SubTexture name="background idle0018" x="5760" y="3240" width="1920" height="1080" frameX="0" frameY="0" frameWidth="1920" frameHeight="1080" />
<SubTexture name="background idle0019" x="5760" y="4320" width="1920" height="1080" frameX="0" frameY="0" frameWidth="1920" frameHeight="1080" />
<SubTexture name="background idle0020" x="0" y="5400" width="1920" height="1080" frameX="0" frameY="0" frameWidth="1920" frameHeight="1080" />
<SubTexture name="background idle0021" x="0" y="5400" width="1920" height="1080" frameX="0" frameY="0" frameWidth="1920" frameHeight="1080" />
<SubTexture name="background idle0022" x="0" y="5400" width="1920" height="1080" frameX="0" frameY="0" frameWidth="1920" frameHeight="1080" />
</TextureAtlas>