<?xml version='1.0' encoding='utf-8'?>
<TextureAtlas imagePath="bfsigma.png">
<SubTexture name="bfsigma idle0000" x="0" y="0" width="555" height="720" frameX="-725" frameY="0" frameWidth="1280" frameHeight="720" />
<SubTexture name="bfsigma idle0001" x="555" y="0" width="556" height="720" frameX="-724" frameY="0" frameWidth="1280" frameHeight="720" />
<SubTexture name="bfsigma idle0002" x="1111" y="0" width="559" height="720" frameX="-721" frameY="0" frameWidth="1280" frameHeight="720" />
<SubTexture name="bfsigma idle0003" x="0" y="720" width="561" height="720" frameX="-719" frameY="0" frameWidth="1280" frameHeight="720" />
<SubTexture name="bfsigma idle0004" x="561" y="720" width="560" height="720" frameX="-720" frameY="0" frameWidth="1280" frameHeight="720" />
<SubTexture name="bfsigma idle0005" x="1670" y="0" width="552" height="720" frameX="-728" frameY="0" frameWidth="1280" frameHeight="720" />
<SubTexture name="bfsigma idle0006" x="1670" y="720" width="539" height="720" frameX="-741" frameY="0" frameWidth="1280" frameHeight="720" />
<SubTexture name="bfsigma idle0007" x="1121" y="720" width="530" height="720" frameX="-750" frameY="0" frameWidth="1280" frameHeight="720" />
<SubTexture name="bfsigma idle0008" x="0" y="1440" width="526" height="720" frameX="-754" frameY="0" frameWidth="1280" frameHeight="720" />
<SubTexture name="bfsigma idle0009" x="526" y="1440" width="526" height="720" frameX="-754" frameY="0" frameWidth="1280" frameHeight="720" />
<SubTexture name="bfsigma idle0010" x="1052" y="1440" width="528" height="720" frameX="-752" frameY="0" frameWidth="1280" frameHeight="720" />
<SubTexture name="bfsigma idle0011" x="1580" y="1440" width="529" height="720" frameX="-751" frameY="0" frameWidth="1280" frameHeight="720" />
<SubTexture name="bfsigma idle0012" x="2222" y="0" width="529" height="720" frameX="-751" frameY="0" frameWidth="1280" frameHeight="720" />
<SubTexture name="bfsigma idle0013" x="2222" y="720" width="529" height="720" frameX="-751" frameY="0" frameWidth="1280" frameHeight="720" />
<SubTexture name="bfsigma idle0014" x="2222" y="1440" width="529" height="720" frameX="-751" frameY="0" frameWidth="1280" frameHeight="720" />
<SubTexture name="bfsigma idle0015" x="2751" y="0" width="529" height="720" frameX="-751" frameY="0" frameWidth="1280" frameHeight="720" />
<SubTexture name="bfsigma down0000" x="4004" y="4320" width="580" height="644" frameX="-700" frameY="-76" frameWidth="1280" frameHeight="720" />
<SubTexture name="bfsigma down0001" x="2850" y="4320" width="578" height="645" frameX="-702" frameY="-75" frameWidth="1280" frameHeight="720" />
<SubTexture name="bfsigma down0002" x="3428" y="4320" width="576" height="645" frameX="-704" frameY="-75" frameWidth="1280" frameHeight="720" />
<SubTexture name="bfsigma down0003" x="1138" y="4320" width="574" height="646" frameX="-706" frameY="-74" frameWidth="1280" frameHeight="720" />
<SubTexture name="bfsigma down0004" x="1712" y="4320" width="572" height="646" frameX="-708" frameY="-74" frameWidth="1280" frameHeight="720" />
<SubTexture name="bfsigma down0005" x="0" y="4320" width="570" height="647" frameX="-710" frameY="-73" frameWidth="1280" frameHeight="720" />
<SubTexture name="bfsigma down0006" x="570" y="4320" width="568" height="647" frameX="-712" frameY="-73" frameWidth="1280" frameHeight="720" />
<SubTexture name="bfsigma down0007" x="4813" y="0" width="565" height="648" frameX="-715" frameY="-72" frameWidth="1280" frameHeight="720" />
<SubTexture name="bfsigma down0008" x="4813" y="648" width="563" height="648" frameX="-717" frameY="-72" frameWidth="1280" frameHeight="720" />
<SubTexture name="bfsigma down0009" x="2284" y="4320" width="566" height="646" frameX="-714" frameY="-74" frameWidth="1280" frameHeight="720" />
<SubTexture name="bfsigma down0010" x="4584" y="4320" width="568" height="644" frameX="-712" frameY="-76" frameWidth="1280" frameHeight="720" />
<SubTexture name="bfsigma down0011" x="5378" y="0" width="572" height="641" frameX="-708" frameY="-79" frameWidth="1280" frameHeight="720" />
<SubTexture name="bfsigma left0000" x="0" y="2160" width="675" height="720" frameX="-605" frameY="0" frameWidth="1280" frameHeight="720" />
<SubTexture name="bfsigma left0001" x="675" y="2160" width="673" height="720" frameX="-607" frameY="0" frameWidth="1280" frameHeight="720" />
<SubTexture name="bfsigma left0002" x="1348" y="2160" width="673" height="720" frameX="-607" frameY="0" frameWidth="1280" frameHeight="720" />
<SubTexture name="bfsigma left0003" x="2021" y="2160" width="684" height="720" frameX="-596" frameY="0" frameWidth="1280" frameHeight="720" />
<SubTexture name="bfsigma left0004" x="3280" y="0" width="716" height="720" frameX="-564" frameY="0" frameWidth="1280" frameHeight="720" />
<SubTexture name="bfsigma left0005" x="0" y="2880" width="738" height="720" frameX="-542" frameY="0" frameWidth="1280" frameHeight="720" />
<SubTexture name="bfsigma left0006" x="738" y="2880" width="737" height="720" frameX="-543" frameY="0" frameWidth="1280" frameHeight="720" />
<SubTexture name="bfsigma left0007" x="1475" y="2880" width="732" height="720" frameX="-548" frameY="0" frameWidth="1280" frameHeight="720" />
<SubTexture name="bfsigma left0008" x="2207" y="2880" width="730" height="720" frameX="-550" frameY="0" frameWidth="1280" frameHeight="720" />
<SubTexture name="bfsigma left0009" x="2937" y="2880" width="723" height="720" frameX="-557" frameY="0" frameWidth="1280" frameHeight="720" />
<SubTexture name="bfsigma left0010" x="3280" y="720" width="650" height="720" frameX="-630" frameY="0" frameWidth="1280" frameHeight="720" />
<SubTexture name="bfsigma right0000" x="3280" y="1440" width="430" height="720" frameX="-850" frameY="0" frameWidth="1280" frameHeight="720" />
<SubTexture name="bfsigma right0001" x="3280" y="2160" width="413" height="720" frameX="-867" frameY="0" frameWidth="1280" frameHeight="720" />
<SubTexture name="bfsigma right0002" x="2751" y="720" width="398" height="720" frameX="-882" frameY="0" frameWidth="1280" frameHeight="720" />
<SubTexture name="bfsigma right0003" x="2751" y="1440" width="384" height="720" frameX="-896" frameY="0" frameWidth="1280" frameHeight="720" />
<SubTexture name="bfsigma right0004" x="2705" y="2160" width="371" height="720" frameX="-909" frameY="0" frameWidth="1280" frameHeight="720" />
<SubTexture name="bfsigma right0005" x="3996" y="0" width="357" height="720" frameX="-923" frameY="0" frameWidth="1280" frameHeight="720" />
<SubTexture name="bfsigma right0006" x="4353" y="1440" width="346" height="719" frameX="-934" frameY="-1" frameWidth="1280" frameHeight="720" />
<SubTexture name="bfsigma right0007" x="3996" y="720" width="337" height="720" frameX="-943" frameY="0" frameWidth="1280" frameHeight="720" />
<SubTexture name="bfsigma right0008" x="3996" y="1440" width="329" height="720" frameX="-951" frameY="0" frameWidth="1280" frameHeight="720" />
<SubTexture name="bfsigma right0009" x="3996" y="2160" width="323" height="720" frameX="-957" frameY="0" frameWidth="1280" frameHeight="720" />
<SubTexture name="bfsigma right0010" x="3996" y="2880" width="318" height="720" frameX="-962" frameY="0" frameWidth="1280" frameHeight="720" />
<SubTexture name="bfsigma right0011" x="3660" y="2880" width="314" height="720" frameX="-966" frameY="0" frameWidth="1280" frameHeight="720" />
<SubTexture name="bfsigma up0000" x="0" y="3600" width="446" height="720" frameX="-834" frameY="0" frameWidth="1280" frameHeight="720" />
<SubTexture name="bfsigma up0001" x="446" y="3600" width="447" height="720" frameX="-833" frameY="0" frameWidth="1280" frameHeight="720" />
<SubTexture name="bfsigma up0002" x="893" y="3600" width="448" height="720" frameX="-832" frameY="0" frameWidth="1280" frameHeight="720" />
<SubTexture name="bfsigma up0003" x="1341" y="3600" width="450" height="720" frameX="-830" frameY="0" frameWidth="1280" frameHeight="720" />
<SubTexture name="bfsigma up0004" x="1791" y="3600" width="451" height="720" frameX="-829" frameY="0" frameWidth="1280" frameHeight="720" />
<SubTexture name="bfsigma up0005" x="2242" y="3600" width="453" height="720" frameX="-827" frameY="0" frameWidth="1280" frameHeight="720" />
<SubTexture name="bfsigma up0006" x="2695" y="3600" width="455" height="720" frameX="-825" frameY="0" frameWidth="1280" frameHeight="720" />
<SubTexture name="bfsigma up0007" x="3150" y="3600" width="457" height="720" frameX="-823" frameY="0" frameWidth="1280" frameHeight="720" />
<SubTexture name="bfsigma up0008" x="3607" y="3600" width="458" height="720" frameX="-822" frameY="0" frameWidth="1280" frameHeight="720" />
<SubTexture name="bfsigma up0009" x="4353" y="0" width="460" height="720" frameX="-820" frameY="0" frameWidth="1280" frameHeight="720" />
<SubTexture name="bfsigma up0010" x="4353" y="720" width="460" height="720" frameX="-820" frameY="0" frameWidth="1280" frameHeight="720" />
</TextureAtlas>
