<?xml version='1.0' encoding='utf-8'?>
<TextureAtlas imagePath="bonnie-scream.png">
<SubTexture name="bonnie scream0000" x="0" y="0" width="257" height="117" frameX="0" frameY="0" frameWidth="1920" frameHeight="1080" />
<SubTexture name="bonnie scream0001" x="0" y="117" width="257" height="116" frameX="0" frameY="0" frameWidth="1920" frameHeight="1080" />
<SubTexture name="bonnie scream0002" x="0" y="233" width="257" height="116" frameX="0" frameY="0" frameWidth="1920" frameHeight="1080" />
<SubTexture name="bonnie scream0003" x="0" y="349" width="257" height="116" frameX="0" frameY="0" frameWidth="1920" frameHeight="1080" />
<SubTexture name="bonnie scream0004" x="0" y="466" width="257" height="116" frameX="0" frameY="0" frameWidth="1920" frameHeight="1080" />
<SubTexture name="bonnie scream0005" x="0" y="466" width="257" height="116" frameX="0" frameY="0" frameWidth="1920" frameHeight="1080" />
<SubTexture name="bonnie scream0006" x="0" y="582" width="257" height="116" frameX="0" frameY="0" frameWidth="1920" frameHeight="1080" />
<SubTexture name="bonnie scream0007" x="0" y="699" width="257" height="116" frameX="0" frameY="0" frameWidth="1920" frameHeight="1080" />
<SubTexture name="bonnie scream0008" x="0" y="815" width="257" height="116" frameX="0" frameY="0" frameWidth="1920" frameHeight="1080" />
<SubTexture name="bonnie scream0009" x="0" y="931" width="257" height="116" frameX="0" frameY="0" frameWidth="1920" frameHeight="1080" />
<SubTexture name="bonnie scream00010" x="0" y="1047" width="257" height="116" frameX="0" frameY="0" frameWidth="1920" frameHeight="1080" />
<SubTexture name="bonnie scream00011" x="0" y="1164" width="257" height="116" frameX="0" frameY="0" frameWidth="1920" frameHeight="1080" />
</TextureAtlas>