<?xml version='1.0' encoding='utf-8'?>
<TextureAtlas imagePath="fantysbad.png">
<SubTexture name="fantysbad idle0000" x="1219" y="1699" width="325" height="406" frameX="-211" frameY="-248" frameWidth="1280" frameHeight="720" />
<SubTexture name="fantysbad idle0001" x="2498" y="2512" width="325" height="405" frameX="-211" frameY="-249" frameWidth="1280" frameHeight="720" />
<SubTexture name="fantysbad idle0002" x="3116" y="0" width="324" height="405" frameX="-212" frameY="-249" frameWidth="1280" frameHeight="720" />
<SubTexture name="fantysbad idle0003" x="3116" y="405" width="324" height="405" frameX="-212" frameY="-249" frameWidth="1280" frameHeight="720" />
<SubTexture name="fantysbad idle0004" x="1544" y="1699" width="325" height="406" frameX="-211" frameY="-248" frameWidth="1280" frameHeight="720" />
<SubTexture name="fantysbad idle0005" x="0" y="1699" width="326" height="407" frameX="-210" frameY="-247" frameWidth="1280" frameHeight="720" />
<SubTexture name="fantysbad idle0006" x="1767" y="826" width="326" height="410" frameX="-209" frameY="-245" frameWidth="1280" frameHeight="720" />
<SubTexture name="fantysbad idle0007" x="1767" y="1236" width="327" height="410" frameX="-208" frameY="-245" frameWidth="1280" frameHeight="720" />
<SubTexture name="fantysbad idle0008" x="1069" y="2918" width="327" height="402" frameX="-208" frameY="-253" frameWidth="1280" frameHeight="720" />
<SubTexture name="fantysbad idle0009" x="3440" y="1200" width="326" height="399" frameX="-208" frameY="-256" frameWidth="1280" frameHeight="720" />
<SubTexture name="fantysbad idle0010" x="1716" y="2918" width="326" height="401" frameX="-209" frameY="-254" frameWidth="1280" frameHeight="720" />
<SubTexture name="fantysbad idle0011" x="2042" y="2918" width="326" height="401" frameX="-209" frameY="-254" frameWidth="1280" frameHeight="720" />
<SubTexture name="fantysbad idle0012" x="3008" y="2918" width="326" height="400" frameX="-209" frameY="-255" frameWidth="1280" frameHeight="720" />
<SubTexture name="fantysbad idle0013" x="3440" y="0" width="326" height="400" frameX="-209" frameY="-255" frameWidth="1280" frameHeight="720" />
<SubTexture name="fantysbad idle0014" x="3440" y="1599" width="326" height="399" frameX="-209" frameY="-256" frameWidth="1280" frameHeight="720" />
<SubTexture name="fantysbad idle0015" x="3440" y="1998" width="326" height="399" frameX="-209" frameY="-256" frameWidth="1280" frameHeight="720" />
<SubTexture name="fantysbad down0000" x="0" y="3722" width="375" height="392" frameX="-160" frameY="-270" frameWidth="1280" frameHeight="720" />
<SubTexture name="fantysbad down0001" x="375" y="3722" width="376" height="392" frameX="-159" frameY="-270" frameWidth="1280" frameHeight="720" />
<SubTexture name="fantysbad down0002" x="751" y="3722" width="376" height="391" frameX="-158" frameY="-271" frameWidth="1280" frameHeight="720" />
<SubTexture name="fantysbad down0003" x="4096" y="0" width="368" height="393" frameX="-164" frameY="-269" frameWidth="1280" frameHeight="720" />
<SubTexture name="fantysbad down0004" x="4096" y="393" width="351" height="392" frameX="-181" frameY="-270" frameWidth="1280" frameHeight="720" />
<SubTexture name="fantysbad down0005" x="4096" y="1567" width="342" height="390" frameX="-190" frameY="-272" frameWidth="1280" frameHeight="720" />
<SubTexture name="fantysbad down0006" x="4096" y="1957" width="343" height="390" frameX="-189" frameY="-272" frameWidth="1280" frameHeight="720" />
<SubTexture name="fantysbad down0007" x="4096" y="785" width="345" height="391" frameX="-187" frameY="-271" frameWidth="1280" frameHeight="720" />
<SubTexture name="fantysbad down0008" x="4096" y="1176" width="345" height="391" frameX="-187" frameY="-271" frameWidth="1280" frameHeight="720" />
<SubTexture name="fantysbad down0009" x="4096" y="1176" width="345" height="391" frameX="-187" frameY="-271" frameWidth="1280" frameHeight="720" />
<SubTexture name="fantysbad down0010" x="4096" y="1176" width="345" height="391" frameX="-187" frameY="-271" frameWidth="1280" frameHeight="720" />
<SubTexture name="fantysbad left0000" x="931" y="1285" width="330" height="413" frameX="-172" frameY="-242" frameWidth="1280" frameHeight="720" />
<SubTexture name="fantysbad left0001" x="1261" y="1285" width="332" height="413" frameX="-171" frameY="-242" frameWidth="1280" frameHeight="720" />
<SubTexture name="fantysbad left0002" x="1767" y="0" width="332" height="413" frameX="-171" frameY="-242" frameWidth="1280" frameHeight="720" />
<SubTexture name="fantysbad left0003" x="1767" y="413" width="331" height="413" frameX="-173" frameY="-242" frameWidth="1280" frameHeight="720" />
<SubTexture name="fantysbad left0004" x="1397" y="422" width="321" height="414" frameX="-181" frameY="-241" frameWidth="1280" frameHeight="720" />
<SubTexture name="fantysbad left0005" x="1397" y="836" width="313" height="414" frameX="-186" frameY="-241" frameWidth="1280" frameHeight="720" />
<SubTexture name="fantysbad left0006" x="1042" y="427" width="310" height="414" frameX="-187" frameY="-241" frameWidth="1280" frameHeight="720" />
<SubTexture name="fantysbad left0007" x="0" y="1285" width="309" height="414" frameX="-187" frameY="-241" frameWidth="1280" frameHeight="720" />
<SubTexture name="fantysbad left0008" x="309" y="1285" width="311" height="414" frameX="-186" frameY="-241" frameWidth="1280" frameHeight="720" />
<SubTexture name="fantysbad left0009" x="620" y="1285" width="311" height="414" frameX="-186" frameY="-241" frameWidth="1280" frameHeight="720" />
<SubTexture name="fantysbad left0010" x="620" y="1285" width="311" height="414" frameX="-186" frameY="-241" frameWidth="1280" frameHeight="720" />
<SubTexture name="fantysbad right0000" x="326" y="1699" width="447" height="407" frameX="-100" frameY="-253" frameWidth="1280" frameHeight="720" />
<SubTexture name="fantysbad right0001" x="1869" y="1699" width="448" height="406" frameX="-99" frameY="-253" frameWidth="1280" frameHeight="720" />
<SubTexture name="fantysbad right0002" x="773" y="1699" width="446" height="407" frameX="-101" frameY="-253" frameWidth="1280" frameHeight="720" />
<SubTexture name="fantysbad right0003" x="2419" y="0" width="435" height="406" frameX="-111" frameY="-253" frameWidth="1280" frameHeight="720" />
<SubTexture name="fantysbad right0004" x="2419" y="406" width="434" height="406" frameX="-113" frameY="-252" frameWidth="1280" frameHeight="720" />
<SubTexture name="fantysbad right0005" x="0" y="2106" width="437" height="406" frameX="-112" frameY="-252" frameWidth="1280" frameHeight="720" />
<SubTexture name="fantysbad right0006" x="437" y="2106" width="438" height="406" frameX="-112" frameY="-252" frameWidth="1280" frameHeight="720" />
<SubTexture name="fantysbad right0007" x="875" y="2106" width="438" height="406" frameX="-112" frameY="-252" frameWidth="1280" frameHeight="720" />
<SubTexture name="fantysbad right0008" x="1313" y="2106" width="438" height="406" frameX="-112" frameY="-252" frameWidth="1280" frameHeight="720" />
<SubTexture name="fantysbad right0009" x="1751" y="2106" width="437" height="406" frameX="-112" frameY="-252" frameWidth="1280" frameHeight="720" />
<SubTexture name="fantysbad right0010" x="1751" y="2106" width="437" height="406" frameX="-112" frameY="-252" frameWidth="1280" frameHeight="720" />
<SubTexture name="fantysbad up0000" x="367" y="861" width="368" height="423" frameX="-143" frameY="-232" frameWidth="1280" frameHeight="720" />
<SubTexture name="fantysbad up0001" x="735" y="861" width="369" height="422" frameX="-142" frameY="-233" frameWidth="1280" frameHeight="720" />
<SubTexture name="fantysbad up0002" x="1397" y="0" width="370" height="422" frameX="-141" frameY="-233" frameWidth="1280" frameHeight="720" />
<SubTexture name="fantysbad up0003" x="0" y="861" width="367" height="424" frameX="-143" frameY="-231" frameWidth="1280" frameHeight="720" />
<SubTexture name="fantysbad up0004" x="1042" y="0" width="355" height="427" frameX="-152" frameY="-228" frameWidth="1280" frameHeight="720" />
<SubTexture name="fantysbad up0005" x="645" y="431" width="347" height="429" frameX="-159" frameY="-226" frameWidth="1280" frameHeight="720" />
<SubTexture name="fantysbad up0006" x="0" y="0" width="346" height="431" frameX="-160" frameY="-224" frameWidth="1280" frameHeight="720" />
<SubTexture name="fantysbad up0007" x="346" y="0" width="348" height="431" frameX="-159" frameY="-224" frameWidth="1280" frameHeight="720" />
<SubTexture name="fantysbad up0008" x="694" y="0" width="348" height="431" frameX="-158" frameY="-224" frameWidth="1280" frameHeight="720" />
<SubTexture name="fantysbad up0009" x="0" y="431" width="348" height="430" frameX="-158" frameY="-225" frameWidth="1280" frameHeight="720" />
<SubTexture name="fantysbad up0010" x="0" y="431" width="348" height="430" frameX="-158" frameY="-225" frameWidth="1280" frameHeight="720" />
<SubTexture name="fantysbad sigma0000" x="2419" y="812" width="319" height="406" frameX="-217" frameY="-248" frameWidth="1280" frameHeight="720" />
<SubTexture name="fantysbad sigma0001" x="3116" y="810" width="319" height="405" frameX="-217" frameY="-249" frameWidth="1280" frameHeight="720" />
<SubTexture name="fantysbad sigma0002" x="3116" y="1215" width="319" height="405" frameX="-217" frameY="-249" frameWidth="1280" frameHeight="720" />
<SubTexture name="fantysbad sigma0003" x="3116" y="1620" width="319" height="405" frameX="-217" frameY="-249" frameWidth="1280" frameHeight="720" />
<SubTexture name="fantysbad sigma0004" x="2419" y="1218" width="319" height="406" frameX="-217" frameY="-248" frameWidth="1280" frameHeight="720" />
<SubTexture name="fantysbad sigma0005" x="2099" y="820" width="320" height="407" frameX="-216" frameY="-247" frameWidth="1280" frameHeight="720" />
<SubTexture name="fantysbad sigma0006" x="2099" y="0" width="320" height="410" frameX="-215" frameY="-245" frameWidth="1280" frameHeight="720" />
<SubTexture name="fantysbad sigma0007" x="2099" y="410" width="320" height="410" frameX="-215" frameY="-245" frameWidth="1280" frameHeight="720" />
<SubTexture name="fantysbad sigma0008" x="1396" y="2918" width="320" height="402" frameX="-215" frameY="-253" frameWidth="1280" frameHeight="720" />
<SubTexture name="fantysbad sigma0009" x="3440" y="2397" width="319" height="399" frameX="-215" frameY="-256" frameWidth="1280" frameHeight="720" />
<SubTexture name="fantysbad sigma0010" x="2368" y="2918" width="320" height="401" frameX="-215" frameY="-254" frameWidth="1280" frameHeight="720" />
<SubTexture name="fantysbad sigma0011" x="2688" y="2918" width="320" height="401" frameX="-215" frameY="-254" frameWidth="1280" frameHeight="720" />
<SubTexture name="fantysbad sigma0012" x="3440" y="400" width="320" height="400" frameX="-215" frameY="-255" frameWidth="1280" frameHeight="720" />
<SubTexture name="fantysbad sigma0013" x="3440" y="800" width="320" height="400" frameX="-215" frameY="-255" frameWidth="1280" frameHeight="720" />
<SubTexture name="fantysbad sigma0014" x="3440" y="2796" width="320" height="399" frameX="-215" frameY="-256" frameWidth="1280" frameHeight="720" />
<SubTexture name="fantysbad sigma0015" x="0" y="3323" width="320" height="399" frameX="-215" frameY="-256" frameWidth="1280" frameHeight="720" />
<SubTexture name="fantysbad sigma0016" x="0" y="3323" width="320" height="399" frameX="-215" frameY="-256" frameWidth="1280" frameHeight="720" />
<SubTexture name="fantysbad sigma0017" x="2419" y="812" width="319" height="406" frameX="-217" frameY="-248" frameWidth="1280" frameHeight="720" />
<SubTexture name="fantysbad sigma0018" x="3116" y="810" width="319" height="405" frameX="-217" frameY="-249" frameWidth="1280" frameHeight="720" />
<SubTexture name="fantysbad sigma0019" x="3116" y="1215" width="319" height="405" frameX="-217" frameY="-249" frameWidth="1280" frameHeight="720" />
<SubTexture name="fantysbad sigma0020" x="3116" y="1620" width="319" height="405" frameX="-217" frameY="-249" frameWidth="1280" frameHeight="720" />
<SubTexture name="fantysbad sigma0021" x="2419" y="1218" width="319" height="406" frameX="-217" frameY="-248" frameWidth="1280" frameHeight="720" />
<SubTexture name="fantysbad sigma0022" x="2099" y="820" width="320" height="407" frameX="-216" frameY="-247" frameWidth="1280" frameHeight="720" />
<SubTexture name="fantysbad sigma0023" x="2099" y="0" width="320" height="410" frameX="-215" frameY="-245" frameWidth="1280" frameHeight="720" />
<SubTexture name="fantysbad sigma0024" x="2099" y="410" width="320" height="410" frameX="-215" frameY="-245" frameWidth="1280" frameHeight="720" />
<SubTexture name="fantysbad sigma0025" x="1396" y="2918" width="320" height="402" frameX="-215" frameY="-253" frameWidth="1280" frameHeight="720" />
<SubTexture name="fantysbad sigma0026" x="3440" y="2397" width="319" height="399" frameX="-215" frameY="-256" frameWidth="1280" frameHeight="720" />
<SubTexture name="fantysbad sigma0027" x="2368" y="2918" width="320" height="401" frameX="-215" frameY="-254" frameWidth="1280" frameHeight="720" />
<SubTexture name="fantysbad sigma0028" x="2688" y="2918" width="320" height="401" frameX="-215" frameY="-254" frameWidth="1280" frameHeight="720" />
<SubTexture name="fantysbad sigma0029" x="3440" y="400" width="320" height="400" frameX="-215" frameY="-255" frameWidth="1280" frameHeight="720" />
<SubTexture name="fantysbad sigma0030" x="3440" y="800" width="320" height="400" frameX="-215" frameY="-255" frameWidth="1280" frameHeight="720" />
<SubTexture name="fantysbad sigma0031" x="3440" y="2796" width="320" height="399" frameX="-215" frameY="-256" frameWidth="1280" frameHeight="720" />
<SubTexture name="fantysbad sigma0032" x="0" y="3323" width="320" height="399" frameX="-215" frameY="-256" frameWidth="1280" frameHeight="720" />
<SubTexture name="fantysbad sigma0033" x="0" y="3323" width="320" height="399" frameX="-215" frameY="-256" frameWidth="1280" frameHeight="720" />
<SubTexture name="fantysbad sigma0034" x="2419" y="812" width="319" height="406" frameX="-217" frameY="-248" frameWidth="1280" frameHeight="720" />
<SubTexture name="fantysbad sigma0035" x="3116" y="810" width="319" height="405" frameX="-217" frameY="-249" frameWidth="1280" frameHeight="720" />
<SubTexture name="fantysbad sigma0036" x="3116" y="1215" width="319" height="405" frameX="-217" frameY="-249" frameWidth="1280" frameHeight="720" />
<SubTexture name="fantysbad sigma0037" x="3116" y="1620" width="319" height="405" frameX="-217" frameY="-249" frameWidth="1280" frameHeight="720" />
<SubTexture name="fantysbad sigma0038" x="2419" y="1218" width="319" height="406" frameX="-217" frameY="-248" frameWidth="1280" frameHeight="720" />
<SubTexture name="fantysbad sigma0039" x="2099" y="820" width="320" height="407" frameX="-216" frameY="-247" frameWidth="1280" frameHeight="720" />
<SubTexture name="fantysbad sigma0040" x="2099" y="0" width="320" height="410" frameX="-215" frameY="-245" frameWidth="1280" frameHeight="720" />
<SubTexture name="fantysbad sigma0041" x="2099" y="410" width="320" height="410" frameX="-215" frameY="-245" frameWidth="1280" frameHeight="720" />
<SubTexture name="fantysbad sigma0042" x="1396" y="2918" width="320" height="402" frameX="-215" frameY="-253" frameWidth="1280" frameHeight="720" />
<SubTexture name="fantysbad sigma0043" x="3440" y="2397" width="319" height="399" frameX="-215" frameY="-256" frameWidth="1280" frameHeight="720" />
<SubTexture name="fantysbad sigma0044" x="2368" y="2918" width="320" height="401" frameX="-215" frameY="-254" frameWidth="1280" frameHeight="720" />
<SubTexture name="fantysbad sigma0045" x="2688" y="2918" width="320" height="401" frameX="-215" frameY="-254" frameWidth="1280" frameHeight="720" />
<SubTexture name="fantysbad sigma0046" x="3440" y="400" width="320" height="400" frameX="-215" frameY="-255" frameWidth="1280" frameHeight="720" />
<SubTexture name="fantysbad sigma0047" x="3440" y="800" width="320" height="400" frameX="-215" frameY="-255" frameWidth="1280" frameHeight="720" />
<SubTexture name="fantysbad sigma0048" x="3440" y="2796" width="320" height="399" frameX="-215" frameY="-256" frameWidth="1280" frameHeight="720" />
<SubTexture name="fantysbad sigma0049" x="0" y="3323" width="320" height="399" frameX="-215" frameY="-256" frameWidth="1280" frameHeight="720" />
<SubTexture name="fantysbad sigma0050" x="0" y="3323" width="320" height="399" frameX="-215" frameY="-256" frameWidth="1280" frameHeight="720" />
<SubTexture name="fantysbad sigma0051" x="320" y="3323" width="322" height="399" frameX="-213" frameY="-256" frameWidth="1280" frameHeight="720" />
<SubTexture name="fantysbad sigma0052" x="642" y="3323" width="325" height="399" frameX="-210" frameY="-256" frameWidth="1280" frameHeight="720" />
<SubTexture name="fantysbad sigma0053" x="967" y="3323" width="328" height="399" frameX="-206" frameY="-256" frameWidth="1280" frameHeight="720" />
<SubTexture name="fantysbad sigma0054" x="1295" y="3323" width="332" height="399" frameX="-203" frameY="-256" frameWidth="1280" frameHeight="720" />
<SubTexture name="fantysbad sigma0055" x="1627" y="3323" width="333" height="399" frameX="-202" frameY="-256" frameWidth="1280" frameHeight="720" />
<SubTexture name="fantysbad sigma0056" x="1960" y="3323" width="330" height="399" frameX="-205" frameY="-256" frameWidth="1280" frameHeight="720" />
<SubTexture name="fantysbad sigma0057" x="2290" y="3323" width="323" height="399" frameX="-212" frameY="-256" frameWidth="1280" frameHeight="720" />
<SubTexture name="fantysbad sigma0058" x="2613" y="3323" width="308" height="399" frameX="-227" frameY="-256" frameWidth="1280" frameHeight="720" />
<SubTexture name="fantysbad sigma0059" x="3116" y="2025" width="285" height="405" frameX="-250" frameY="-250" frameWidth="1280" frameHeight="720" />
<SubTexture name="fantysbad sigma0060" x="3116" y="2430" width="261" height="405" frameX="-274" frameY="-250" frameWidth="1280" frameHeight="720" />
<SubTexture name="fantysbad sigma0061" x="2823" y="2512" width="282" height="405" frameX="-273" frameY="-250" frameWidth="1280" frameHeight="720" />
<SubTexture name="fantysbad sigma0062" x="2419" y="1624" width="273" height="406" frameX="-273" frameY="-249" frameWidth="1280" frameHeight="720" />
<SubTexture name="fantysbad sigma0063" x="2099" y="1227" width="263" height="406" frameX="-273" frameY="-249" frameWidth="1280" frameHeight="720" />
<SubTexture name="fantysbad sigma0064" x="1104" y="861" width="262" height="406" frameX="-274" frameY="-249" frameWidth="1280" frameHeight="720" />
<SubTexture name="fantysbad sigma0065" x="2188" y="2106" width="262" height="406" frameX="-274" frameY="-249" frameWidth="1280" frameHeight="720" />
<SubTexture name="fantysbad sigma0066" x="2450" y="2106" width="262" height="406" frameX="-274" frameY="-249" frameWidth="1280" frameHeight="720" />
<SubTexture name="fantysbad sigma0067" x="2854" y="0" width="262" height="406" frameX="-274" frameY="-249" frameWidth="1280" frameHeight="720" />
<SubTexture name="fantysbad sigma0068" x="0" y="2512" width="263" height="406" frameX="-273" frameY="-249" frameWidth="1280" frameHeight="720" />
<SubTexture name="fantysbad sigma0069" x="263" y="2512" width="263" height="406" frameX="-273" frameY="-249" frameWidth="1280" frameHeight="720" />
<SubTexture name="fantysbad sigma0070" x="526" y="2512" width="263" height="406" frameX="-273" frameY="-249" frameWidth="1280" frameHeight="720" />
<SubTexture name="fantysbad sigma0071" x="789" y="2512" width="267" height="406" frameX="-273" frameY="-249" frameWidth="1280" frameHeight="720" />
<SubTexture name="fantysbad sigma0072" x="1056" y="2512" width="280" height="406" frameX="-273" frameY="-249" frameWidth="1280" frameHeight="720" />
<SubTexture name="fantysbad sigma0073" x="1336" y="2512" width="286" height="406" frameX="-274" frameY="-249" frameWidth="1280" frameHeight="720" />
<SubTexture name="fantysbad sigma0074" x="1622" y="2512" width="284" height="406" frameX="-274" frameY="-249" frameWidth="1280" frameHeight="720" />
<SubTexture name="fantysbad sigma0075" x="2854" y="406" width="261" height="406" frameX="-275" frameY="-249" frameWidth="1280" frameHeight="720" />
<SubTexture name="fantysbad sigma0076" x="1906" y="2512" width="281" height="406" frameX="-255" frameY="-249" frameWidth="1280" frameHeight="720" />
<SubTexture name="fantysbad sigma0077" x="2187" y="2512" width="311" height="406" frameX="-225" frameY="-249" frameWidth="1280" frameHeight="720" />
<SubTexture name="fantysbad sigma0078" x="348" y="431" width="297" height="430" frameX="-239" frameY="-249" frameWidth="1280" frameHeight="720" />
<SubTexture name="fantysbad sigma0079" x="0" y="2918" width="330" height="405" frameX="-206" frameY="-250" frameWidth="1280" frameHeight="720" />
<SubTexture name="fantysbad sigma0080" x="330" y="2918" width="367" height="405" frameX="-168" frameY="-250" frameWidth="1280" frameHeight="720" />
<SubTexture name="fantysbad sigma0081" x="697" y="2918" width="372" height="405" frameX="-163" frameY="-250" frameWidth="1280" frameHeight="720" />
<SubTexture name="fantysbad sigma0082" x="2921" y="3323" width="358" height="399" frameX="-177" frameY="-256" frameWidth="1280" frameHeight="720" />
<SubTexture name="fantysbad sigma0083" x="3279" y="3323" width="339" height="399" frameX="-196" frameY="-256" frameWidth="1280" frameHeight="720" />
<SubTexture name="fantysbad sigma0084" x="3766" y="0" width="330" height="399" frameX="-205" frameY="-256" frameWidth="1280" frameHeight="720" />
<SubTexture name="fantysbad sigma0085" x="3766" y="399" width="330" height="399" frameX="-205" frameY="-256" frameWidth="1280" frameHeight="720" />
<SubTexture name="fantysbad sigma0086" x="3766" y="798" width="330" height="399" frameX="-205" frameY="-256" frameWidth="1280" frameHeight="720" />
<SubTexture name="fantysbad sigma0087" x="3766" y="1197" width="329" height="399" frameX="-205" frameY="-256" frameWidth="1280" frameHeight="720" />
<SubTexture name="fantysbad sigma0088" x="3766" y="1596" width="330" height="399" frameX="-205" frameY="-256" frameWidth="1280" frameHeight="720" />
<SubTexture name="fantysbad sigma0089" x="3766" y="1995" width="330" height="399" frameX="-205" frameY="-256" frameWidth="1280" frameHeight="720" />
<SubTexture name="fantysbad sigma0090" x="3766" y="2394" width="330" height="399" frameX="-205" frameY="-256" frameWidth="1280" frameHeight="720" />
<SubTexture name="fantysbad sigma0091" x="3766" y="2394" width="330" height="399" frameX="-205" frameY="-256" frameWidth="1280" frameHeight="720" />
<SubTexture name="fantysbad sigma0092" x="3766" y="2394" width="330" height="399" frameX="-205" frameY="-256" frameWidth="1280" frameHeight="720" />
<SubTexture name="fantysbad sigma0093" x="3766" y="2394" width="330" height="399" frameX="-205" frameY="-256" frameWidth="1280" frameHeight="720" />
<SubTexture name="fantysbad sigma0094" x="3766" y="2394" width="330" height="399" frameX="-205" frameY="-256" frameWidth="1280" frameHeight="720" />
<SubTexture name="fantysbad sigma0095" x="3766" y="2394" width="330" height="399" frameX="-205" frameY="-256" frameWidth="1280" frameHeight="720" />
<SubTexture name="fantysbad sigma0096" x="3766" y="2394" width="330" height="399" frameX="-205" frameY="-256" frameWidth="1280" frameHeight="720" />
<SubTexture name="fantysbad sigma0097" x="3766" y="2394" width="330" height="399" frameX="-205" frameY="-256" frameWidth="1280" frameHeight="720" />
<SubTexture name="fantysbad sigma0098" x="3766" y="2394" width="330" height="399" frameX="-205" frameY="-256" frameWidth="1280" frameHeight="720" />
<SubTexture name="fantysbad sigma0099" x="3766" y="2394" width="330" height="399" frameX="-205" frameY="-256" frameWidth="1280" frameHeight="720" />
<SubTexture name="fantysbad sigma0100" x="3766" y="2394" width="330" height="399" frameX="-205" frameY="-256" frameWidth="1280" frameHeight="720" />
<SubTexture name="fantysbad sigma0101" x="3766" y="2394" width="330" height="399" frameX="-205" frameY="-256" frameWidth="1280" frameHeight="720" />
<SubTexture name="fantysbad sigma0102" x="3766" y="2394" width="330" height="399" frameX="-205" frameY="-256" frameWidth="1280" frameHeight="720" />
<SubTexture name="fantysbad sigma0103" x="3766" y="2394" width="330" height="399" frameX="-205" frameY="-256" frameWidth="1280" frameHeight="720" />
<SubTexture name="fantysbad sigma0104" x="3766" y="2394" width="330" height="399" frameX="-205" frameY="-256" frameWidth="1280" frameHeight="720" />
<SubTexture name="fantysbad sigma0105" x="3766" y="2394" width="330" height="399" frameX="-205" frameY="-256" frameWidth="1280" frameHeight="720" />
</TextureAtlas>
