<?xml version='1.0' encoding='utf-8'?>
<TextureAtlas imagePath="boyfrixed.png">
<SubTexture name="boyfrixed idle0000" x="2649" y="3508" width="377" height="422" frameX="-17" frameY="-50" frameWidth="512" frameHeight="512" />
<SubTexture name="boyfrixed idle0001" x="3026" y="3508" width="376" height="422" frameX="-17" frameY="-50" frameWidth="512" frameHeight="512" />
<SubTexture name="boyfrixed idle0002" x="292" y="3508" width="377" height="423" frameX="-16" frameY="-49" frameWidth="512" frameHeight="512" />
<SubTexture name="boyfrixed idle0003" x="669" y="3508" width="377" height="423" frameX="-15" frameY="-49" frameWidth="512" frameHeight="512" />
<SubTexture name="boyfrixed idle0004" x="1046" y="3508" width="378" height="423" frameX="-15" frameY="-49" frameWidth="512" frameHeight="512" />
<SubTexture name="boyfrixed idle0005" x="286" y="3083" width="378" height="424" frameX="-16" frameY="-49" frameWidth="512" frameHeight="512" />
<SubTexture name="boyfrixed idle0006" x="1424" y="3508" width="377" height="423" frameX="-20" frameY="-50" frameWidth="512" frameHeight="512" />
<SubTexture name="boyfrixed idle0007" x="3402" y="3508" width="376" height="422" frameX="-26" frameY="-51" frameWidth="512" frameHeight="512" />
<SubTexture name="boyfrixed idle0008" x="594" y="3932" width="372" height="420" frameX="-34" frameY="-53" frameWidth="512" frameHeight="512" />
<SubTexture name="boyfrixed idle0009" x="1557" y="3932" width="368" height="416" frameX="-40" frameY="-56" frameWidth="512" frameHeight="512" />
<SubTexture name="boyfrixed idle0010" x="0" y="4354" width="366" height="413" frameX="-43" frameY="-58" frameWidth="512" frameHeight="512" />
<SubTexture name="boyfrixed idle0011" x="4118" y="3932" width="365" height="414" frameX="-44" frameY="-56" frameWidth="512" frameHeight="512" />
<SubTexture name="boyfrixed idle0012" x="4591" y="0" width="365" height="414" frameX="-44" frameY="-56" frameWidth="512" frameHeight="512" />
<SubTexture name="boyfrixed idle0013" x="1925" y="3932" width="364" height="415" frameX="-44" frameY="-55" frameWidth="512" frameHeight="512" />
<SubTexture name="boyfrixed idle0014" x="2289" y="3932" width="365" height="415" frameX="-43" frameY="-55" frameWidth="512" frameHeight="512" />
<SubTexture name="boyfrixed idle0015" x="2654" y="3932" width="366" height="415" frameX="-42" frameY="-55" frameWidth="512" frameHeight="512" />
<SubTexture name="boyfrixed idle0016" x="3020" y="3932" width="366" height="415" frameX="-42" frameY="-56" frameWidth="512" frameHeight="512" />
<SubTexture name="boyfrixed idle0017" x="3386" y="3932" width="366" height="415" frameX="-42" frameY="-56" frameWidth="512" frameHeight="512" />
<SubTexture name="boyfrixed idle0018" x="3752" y="3932" width="366" height="415" frameX="-42" frameY="-56" frameWidth="512" frameHeight="512" />
<SubTexture name="boyfrixed down0000" x="4072" y="4767" width="370" height="381" frameX="-63" frameY="-91" frameWidth="512" frameHeight="512" />
<SubTexture name="boyfrixed down0001" x="4442" y="4767" width="372" height="381" frameX="-63" frameY="-91" frameWidth="512" frameHeight="512" />
<SubTexture name="boyfrixed down0002" x="1895" y="4767" width="372" height="384" frameX="-65" frameY="-88" frameWidth="512" frameHeight="512" />
<SubTexture name="boyfrixed down0003" x="3434" y="4767" width="365" height="383" frameX="-74" frameY="-89" frameWidth="512" frameHeight="512" />
<SubTexture name="boyfrixed down0004" x="5175" y="0" width="364" height="378" frameX="-76" frameY="-93" frameWidth="512" frameHeight="512" />
<SubTexture name="boyfrixed down0005" x="1095" y="5159" width="365" height="374" frameX="-74" frameY="-97" frameWidth="512" frameHeight="512" />
<SubTexture name="boyfrixed down0006" x="0" y="5159" width="365" height="377" frameX="-74" frameY="-98" frameWidth="512" frameHeight="512" />
<SubTexture name="boyfrixed down0007" x="5175" y="1507" width="364" height="375" frameX="-75" frameY="-98" frameWidth="512" frameHeight="512" />
<SubTexture name="boyfrixed left0000" x="4591" y="1235" width="343" height="406" frameX="-30" frameY="-62" frameWidth="512" frameHeight="512" />
<SubTexture name="boyfrixed left0001" x="4591" y="1641" width="343" height="406" frameX="-31" frameY="-62" frameWidth="512" frameHeight="512" />
<SubTexture name="boyfrixed left0002" x="4591" y="2453" width="341" height="405" frameX="-33" frameY="-63" frameWidth="512" frameHeight="512" />
<SubTexture name="boyfrixed left0003" x="4591" y="3263" width="340" height="403" frameX="-32" frameY="-65" frameWidth="512" frameHeight="512" />
<SubTexture name="boyfrixed left0004" x="4591" y="3666" width="343" height="402" frameX="-24" frameY="-66" frameWidth="512" frameHeight="512" />
<SubTexture name="boyfrixed left0005" x="366" y="4354" width="359" height="401" frameX="-6" frameY="-67" frameWidth="512" frameHeight="512" />
<SubTexture name="boyfrixed left0006" x="725" y="4354" width="365" height="401" frameX="0" frameY="-67" frameWidth="512" frameHeight="512" />
<SubTexture name="boyfrixed left0007" x="1090" y="4354" width="365" height="401" frameX="0" frameY="-67" frameWidth="512" frameHeight="512" />
<SubTexture name="boyfrixed left0008" x="1455" y="4354" width="365" height="401" frameX="0" frameY="-67" frameWidth="512" frameHeight="512" />
<SubTexture name="boyfrixed left0009" x="1820" y="4354" width="365" height="401" frameX="0" frameY="-67" frameWidth="512" frameHeight="512" />
<SubTexture name="boyfrixed left0010" x="1820" y="4354" width="365" height="401" frameX="0" frameY="-67" frameWidth="512" frameHeight="512" />
<SubTexture name="boyfrixed right0000" x="3293" y="4354" width="224" height="398" frameX="-232" frameY="-72" frameWidth="512" frameHeight="512" />
<SubTexture name="boyfrixed right0001" x="3517" y="4354" width="226" height="398" frameX="-230" frameY="-72" frameWidth="512" frameHeight="512" />
<SubTexture name="boyfrixed right0002" x="3743" y="4354" width="226" height="398" frameX="-229" frameY="-72" frameWidth="512" frameHeight="512" />
<SubTexture name="boyfrixed right0003" x="3969" y="4354" width="225" height="398" frameX="-230" frameY="-72" frameWidth="512" frameHeight="512" />
<SubTexture name="boyfrixed right0004" x="4956" y="0" width="219" height="396" frameX="-238" frameY="-74" frameWidth="512" frameHeight="512" />
<SubTexture name="boyfrixed right0005" x="4956" y="1185" width="218" height="392" frameX="-245" frameY="-78" frameWidth="512" frameHeight="512" />
<SubTexture name="boyfrixed right0006" x="1447" y="4767" width="223" height="388" frameX="-245" frameY="-82" frameWidth="512" frameHeight="512" />
<SubTexture name="boyfrixed right0007" x="1670" y="4767" width="225" height="388" frameX="-245" frameY="-82" frameWidth="512" frameHeight="512" />
<SubTexture name="boyfrixed right0008" x="1222" y="4767" width="225" height="389" frameX="-245" frameY="-81" frameWidth="512" frameHeight="512" />
<SubTexture name="boyfrixed right0009" x="549" y="4767" width="225" height="390" frameX="-245" frameY="-80" frameWidth="512" frameHeight="512" />
<SubTexture name="boyfrixed right0010" x="325" y="4767" width="224" height="391" frameX="-245" frameY="-79" frameWidth="512" frameHeight="512" />
<SubTexture name="boyfrixed right0011" x="774" y="4767" width="224" height="390" frameX="-245" frameY="-80" frameWidth="512" frameHeight="512" />
<SubTexture name="boyfrixed right0012" x="998" y="4767" width="224" height="390" frameX="-245" frameY="-80" frameWidth="512" frameHeight="512" />
<SubTexture name="boyfrixed right0013" x="998" y="4767" width="224" height="390" frameX="-245" frameY="-80" frameWidth="512" frameHeight="512" />
<SubTexture name="boyfrixed right0014" x="998" y="4767" width="224" height="390" frameX="-245" frameY="-80" frameWidth="512" frameHeight="512" />
<SubTexture name="boyfrixed right0015" x="998" y="4767" width="224" height="390" frameX="-245" frameY="-80" frameWidth="512" frameHeight="512" />
<SubTexture name="boyfrixed up0000" x="628" y="0" width="437" height="444" frameX="-24" frameY="-32" frameWidth="512" frameHeight="512" />
<SubTexture name="boyfrixed up0001" x="0" y="451" width="434" height="444" frameX="-25" frameY="-32" frameWidth="512" frameHeight="512" />
<SubTexture name="boyfrixed up0002" x="434" y="451" width="432" height="444" frameX="-26" frameY="-32" frameWidth="512" frameHeight="512" />
<SubTexture name="boyfrixed up0003" x="432" y="895" width="430" height="442" frameX="-26" frameY="-34" frameWidth="512" frameHeight="512" />
<SubTexture name="boyfrixed up0004" x="0" y="2218" width="433" height="437" frameX="-20" frameY="-39" frameWidth="512" frameHeight="512" />
<SubTexture name="boyfrixed up0005" x="433" y="2218" width="442" height="437" frameX="-8" frameY="-39" frameWidth="512" frameHeight="512" />
<SubTexture name="boyfrixed up0006" x="774" y="1339" width="447" height="438" frameX="0" frameY="-38" frameWidth="512" frameHeight="512" />
<SubTexture name="boyfrixed up0007" x="1221" y="1339" width="445" height="438" frameX="0" frameY="-38" frameWidth="512" frameHeight="512" />
<SubTexture name="boyfrixed up0008" x="1809" y="0" width="444" height="438" frameX="0" frameY="-38" frameWidth="512" frameHeight="512" />
<SubTexture name="boyfrixed up0009" x="1809" y="438" width="442" height="438" frameX="0" frameY="-38" frameWidth="512" frameHeight="512" />
<SubTexture name="boyfrixed up0010" x="1809" y="876" width="440" height="438" frameX="0" frameY="-38" frameWidth="512" frameHeight="512" />
<SubTexture name="boyfrixed up0011" x="1809" y="876" width="440" height="438" frameX="0" frameY="-38" frameWidth="512" frameHeight="512" />
<SubTexture name="boyfrixed up0012" x="1809" y="876" width="440" height="438" frameX="0" frameY="-38" frameWidth="512" frameHeight="512" />
<SubTexture name="boyfrixed up0013" x="1809" y="876" width="440" height="438" frameX="0" frameY="-38" frameWidth="512" frameHeight="512" />
<SubTexture name="boyfrixed up0014" x="1809" y="876" width="440" height="438" frameX="0" frameY="-38" frameWidth="512" frameHeight="512" />
<SubTexture name="boyfrixed up0015" x="1809" y="876" width="440" height="438" frameX="0" frameY="-38" frameWidth="512" frameHeight="512" />
<SubTexture name="boyfrixed dmiss0000" x="365" y="5159" width="365" height="375" frameX="-74" frameY="-97" frameWidth="512" frameHeight="512" />
<SubTexture name="boyfrixed dmiss0001" x="730" y="5159" width="365" height="375" frameX="-74" frameY="-97" frameWidth="512" frameHeight="512" />
<SubTexture name="boyfrixed dmiss0002" x="1460" y="5159" width="365" height="373" frameX="-66" frameY="-104" frameWidth="512" frameHeight="512" />
<SubTexture name="boyfrixed dmiss0003" x="2267" y="4767" width="347" height="384" frameX="-77" frameY="-110" frameWidth="512" frameHeight="512" />
<SubTexture name="boyfrixed dmiss0004" x="0" y="4767" width="325" height="392" frameX="-87" frameY="-114" frameWidth="512" frameHeight="512" />
<SubTexture name="boyfrixed lmiss0000" x="2267" y="4767" width="347" height="384" frameX="-77" frameY="-110" frameWidth="512" frameHeight="512" />
<SubTexture name="boyfrixed lmiss0001" x="0" y="4767" width="325" height="392" frameX="-87" frameY="-114" frameWidth="512" frameHeight="512" />
<SubTexture name="boyfrixed lmiss0002" x="4194" y="4354" width="391" height="398" frameX="0" frameY="-77" frameWidth="512" frameHeight="512" />
<SubTexture name="boyfrixed lmiss0003" x="2185" y="4354" width="376" height="401" frameX="0" frameY="-63" frameWidth="512" frameHeight="512" />
<SubTexture name="boyfrixed lmiss0004" x="2561" y="4354" width="367" height="401" frameX="0" frameY="-64" frameWidth="512" frameHeight="512" />
<SubTexture name="boyfrixed lmiss0005" x="2928" y="4354" width="365" height="401" frameX="0" frameY="-67" frameWidth="512" frameHeight="512" />
<SubTexture name="boyfrixed rmiss0000" x="4106" y="0" width="485" height="422" frameX="0" frameY="-50" frameWidth="512" frameHeight="512" />
<SubTexture name="boyfrixed rmiss0001" x="3417" y="0" width="398" height="425" frameX="-78" frameY="-46" frameWidth="512" frameHeight="512" />
<SubTexture name="boyfrixed rmiss0002" x="4591" y="2858" width="244" height="405" frameX="-196" frameY="-85" frameWidth="512" frameHeight="512" />
<SubTexture name="boyfrixed rmiss0003" x="2614" y="4767" width="281" height="384" frameX="-165" frameY="-107" frameWidth="512" frameHeight="512" />
<SubTexture name="boyfrixed rmiss0004" x="4814" y="4767" width="298" height="379" frameX="-141" frameY="-97" frameWidth="512" frameHeight="512" />
<SubTexture name="boyfrixed rmiss0005" x="5175" y="3004" width="298" height="373" frameX="-140" frameY="-97" frameWidth="512" frameHeight="512" />
<SubTexture name="boyfrixed rmiss0006" x="5175" y="3377" width="296" height="373" frameX="-143" frameY="-97" frameWidth="512" frameHeight="512" />
<SubTexture name="boyfrixed rmiss0007" x="5175" y="3750" width="296" height="373" frameX="-143" frameY="-97" frameWidth="512" frameHeight="512" />
<SubTexture name="boyfrixed rmiss0008" x="5175" y="4123" width="296" height="373" frameX="-143" frameY="-97" frameWidth="512" frameHeight="512" />
<SubTexture name="boyfrixed umiss0000" x="1065" y="0" width="437" height="444" frameX="-24" frameY="-32" frameWidth="512" frameHeight="512" />
<SubTexture name="boyfrixed umiss0001" x="1065" y="444" width="434" height="444" frameX="-25" frameY="-32" frameWidth="512" frameHeight="512" />
<SubTexture name="boyfrixed umiss0002" x="0" y="895" width="432" height="444" frameX="-26" frameY="-32" frameWidth="512" frameHeight="512" />
<SubTexture name="boyfrixed umiss0003" x="862" y="895" width="430" height="442" frameX="-26" frameY="-34" frameWidth="512" frameHeight="512" />
<SubTexture name="boyfrixed umiss0004" x="875" y="2218" width="433" height="437" frameX="-20" frameY="-39" frameWidth="512" frameHeight="512" />
<SubTexture name="boyfrixed umiss0005" x="1308" y="2218" width="442" height="437" frameX="-8" frameY="-39" frameWidth="512" frameHeight="512" />
<SubTexture name="boyfrixed umiss0006" x="0" y="1780" width="447" height="438" frameX="0" frameY="-38" frameWidth="512" frameHeight="512" />
<SubTexture name="boyfrixed umiss0007" x="447" y="1780" width="445" height="438" frameX="0" frameY="-38" frameWidth="512" frameHeight="512" />
<SubTexture name="boyfrixed umiss0008" x="1809" y="1314" width="444" height="438" frameX="0" frameY="-38" frameWidth="512" frameHeight="512" />
<SubTexture name="boyfrixed umiss0009" x="892" y="1780" width="442" height="438" frameX="0" frameY="-38" frameWidth="512" frameHeight="512" />
<SubTexture name="boyfrixed umiss0010" x="1334" y="1780" width="440" height="438" frameX="0" frameY="-38" frameWidth="512" frameHeight="512" />
<SubTexture name="boyfrixed umiss0011" x="1774" y="1780" width="440" height="438" frameX="0" frameY="-38" frameWidth="512" frameHeight="512" />
<SubTexture name="boyfrixed umiss0012" x="2253" y="0" width="440" height="438" frameX="0" frameY="-38" frameWidth="512" frameHeight="512" />
<SubTexture name="boyfrixed umiss0013" x="2253" y="438" width="440" height="438" frameX="0" frameY="-38" frameWidth="512" frameHeight="512" />
<SubTexture name="boyfrixed umiss0014" x="2253" y="876" width="440" height="438" frameX="0" frameY="-38" frameWidth="512" frameHeight="512" />
<SubTexture name="boyfrixed umiss0015" x="2253" y="1314" width="440" height="438" frameX="0" frameY="-38" frameWidth="512" frameHeight="512" />
<SubTexture name="boyfrixed umiss0016" x="1750" y="2218" width="444" height="436" frameX="-6" frameY="-40" frameWidth="512" frameHeight="512" />
<SubTexture name="boyfrixed umiss0017" x="0" y="1339" width="456" height="441" frameX="0" frameY="-34" frameWidth="512" frameHeight="512" />
<SubTexture name="boyfrixed umiss0018" x="4591" y="414" width="309" height="414" frameX="-137" frameY="-47" frameWidth="512" frameHeight="512" />
<SubTexture name="boyfrixed umiss0019" x="4585" y="4354" width="297" height="398" frameX="-148" frameY="-59" frameWidth="512" frameHeight="512" />
<SubTexture name="boyfrixed umiss0020" x="4591" y="2047" width="300" height="406" frameX="-150" frameY="-53" frameWidth="512" frameHeight="512" />
<SubTexture name="boyfrixed dance0000" x="4106" y="422" width="292" height="422" frameX="-159" frameY="-50" frameWidth="512" frameHeight="512" />
<SubTexture name="boyfrixed dance0001" x="4106" y="844" width="291" height="422" frameX="-159" frameY="-50" frameWidth="512" frameHeight="512" />
<SubTexture name="boyfrixed dance0002" x="4106" y="1266" width="290" height="422" frameX="-160" frameY="-50" frameWidth="512" frameHeight="512" />
<SubTexture name="boyfrixed dance0003" x="4106" y="1688" width="289" height="422" frameX="-160" frameY="-50" frameWidth="512" frameHeight="512" />
<SubTexture name="boyfrixed dance0004" x="4106" y="2110" width="288" height="422" frameX="-161" frameY="-50" frameWidth="512" frameHeight="512" />
<SubTexture name="boyfrixed dance0005" x="4106" y="2532" width="287" height="422" frameX="-161" frameY="-50" frameWidth="512" frameHeight="512" />
<SubTexture name="boyfrixed dance0006" x="4106" y="2954" width="285" height="422" frameX="-160" frameY="-50" frameWidth="512" frameHeight="512" />
<SubTexture name="boyfrixed dance0007" x="1801" y="3508" width="281" height="423" frameX="-159" frameY="-49" frameWidth="512" frameHeight="512" />
<SubTexture name="boyfrixed dance0008" x="2082" y="3508" width="277" height="423" frameX="-157" frameY="-49" frameWidth="512" frameHeight="512" />
<SubTexture name="boyfrixed dance0009" x="664" y="3083" width="270" height="424" frameX="-154" frameY="-48" frameWidth="512" frameHeight="512" />
<SubTexture name="boyfrixed dance0010" x="3417" y="425" width="261" height="425" frameX="-150" frameY="-47" frameWidth="512" frameHeight="512" />
<SubTexture name="boyfrixed dance0011" x="3417" y="850" width="253" height="425" frameX="-148" frameY="-47" frameWidth="512" frameHeight="512" />
<SubTexture name="boyfrixed dance0012" x="2730" y="2655" width="249" height="426" frameX="-145" frameY="-46" frameWidth="512" frameHeight="512" />
<SubTexture name="boyfrixed dance0013" x="482" y="2655" width="246" height="427" frameX="-144" frameY="-45" frameWidth="512" frameHeight="512" />
<SubTexture name="boyfrixed dance0014" x="728" y="2655" width="244" height="427" frameX="-143" frameY="-45" frameWidth="512" frameHeight="512" />
<SubTexture name="boyfrixed dance0015" x="972" y="2655" width="242" height="427" frameX="-143" frameY="-45" frameWidth="512" frameHeight="512" />
<SubTexture name="boyfrixed dance0016" x="1214" y="2655" width="242" height="427" frameX="-143" frameY="-45" frameWidth="512" frameHeight="512" />
<SubTexture name="boyfrixed dance0017" x="1456" y="2655" width="241" height="427" frameX="-143" frameY="-45" frameWidth="512" frameHeight="512" />
<SubTexture name="boyfrixed dance0018" x="1697" y="2655" width="241" height="427" frameX="-143" frameY="-45" frameWidth="512" frameHeight="512" />
<SubTexture name="boyfrixed dance0019" x="1938" y="2655" width="240" height="427" frameX="-143" frameY="-45" frameWidth="512" frameHeight="512" />
<SubTexture name="boyfrixed dance0020" x="2930" y="856" width="238" height="427" frameX="-143" frameY="-45" frameWidth="512" frameHeight="512" />
<SubTexture name="boyfrixed dance0021" x="2930" y="1283" width="238" height="427" frameX="-143" frameY="-45" frameWidth="512" frameHeight="512" />
<SubTexture name="boyfrixed dance0022" x="2930" y="1710" width="238" height="427" frameX="-143" frameY="-45" frameWidth="512" frameHeight="512" />
<SubTexture name="boyfrixed dance0023" x="2930" y="2137" width="237" height="427" frameX="-143" frameY="-45" frameWidth="512" frameHeight="512" />
<SubTexture name="boyfrixed dance0024" x="1502" y="881" width="238" height="428" frameX="-142" frameY="-44" frameWidth="512" frameHeight="512" />
<SubTexture name="boyfrixed dance0025" x="2693" y="0" width="237" height="428" frameX="-142" frameY="-44" frameWidth="512" frameHeight="512" />
<SubTexture name="boyfrixed dance0026" x="2693" y="428" width="237" height="428" frameX="-142" frameY="-44" frameWidth="512" frameHeight="512" />
<SubTexture name="boyfrixed dance0027" x="2930" y="0" width="238" height="428" frameX="-141" frameY="-44" frameWidth="512" frameHeight="512" />
<SubTexture name="boyfrixed dance0028" x="2930" y="428" width="238" height="428" frameX="-141" frameY="-44" frameWidth="512" frameHeight="512" />
<SubTexture name="boyfrixed dance0029" x="0" y="2655" width="240" height="428" frameX="-141" frameY="-44" frameWidth="512" frameHeight="512" />
<SubTexture name="boyfrixed dance0030" x="240" y="2655" width="242" height="428" frameX="-141" frameY="-44" frameWidth="512" frameHeight="512" />
<SubTexture name="boyfrixed dance0031" x="2178" y="2655" width="244" height="427" frameX="-142" frameY="-45" frameWidth="512" frameHeight="512" />
<SubTexture name="boyfrixed dance0032" x="3168" y="0" width="249" height="426" frameX="-142" frameY="-46" frameWidth="512" frameHeight="512" />
<SubTexture name="boyfrixed dance0033" x="3417" y="1275" width="254" height="425" frameX="-143" frameY="-47" frameWidth="512" frameHeight="512" />
<SubTexture name="boyfrixed dance0034" x="3417" y="1700" width="260" height="425" frameX="-145" frameY="-47" frameWidth="512" frameHeight="512" />
<SubTexture name="boyfrixed dance0035" x="3417" y="2125" width="266" height="425" frameX="-148" frameY="-47" frameWidth="512" frameHeight="512" />
<SubTexture name="boyfrixed dance0036" x="934" y="3083" width="274" height="424" frameX="-151" frameY="-48" frameWidth="512" frameHeight="512" />
<SubTexture name="boyfrixed dance0037" x="4106" y="3376" width="281" height="422" frameX="-157" frameY="-50" frameWidth="512" frameHeight="512" />
<SubTexture name="boyfrixed dance0038" x="966" y="3932" width="288" height="420" frameX="-163" frameY="-52" frameWidth="512" frameHeight="512" />
<SubTexture name="boyfrixed dance0039" x="304" y="3932" width="290" height="421" frameX="-171" frameY="-51" frameWidth="512" frameHeight="512" />
<SubTexture name="boyfrixed dance0040" x="3778" y="3508" width="291" height="422" frameX="-179" frameY="-50" frameWidth="512" frameHeight="512" />
<SubTexture name="boyfrixed dance0041" x="2359" y="3508" width="290" height="423" frameX="-187" frameY="-49" frameWidth="512" frameHeight="512" />
<SubTexture name="boyfrixed dance0042" x="1208" y="3083" width="290" height="424" frameX="-193" frameY="-48" frameWidth="512" frameHeight="512" />
<SubTexture name="boyfrixed dance0043" x="1498" y="3083" width="288" height="424" frameX="-199" frameY="-48" frameWidth="512" frameHeight="512" />
<SubTexture name="boyfrixed dance0044" x="1786" y="3083" width="287" height="424" frameX="-203" frameY="-48" frameWidth="512" frameHeight="512" />
<SubTexture name="boyfrixed dance0045" x="2073" y="3083" width="286" height="424" frameX="-205" frameY="-48" frameWidth="512" frameHeight="512" />
<SubTexture name="boyfrixed dance0046" x="3417" y="2550" width="286" height="425" frameX="-207" frameY="-47" frameWidth="512" frameHeight="512" />
<SubTexture name="boyfrixed dance0047" x="0" y="3083" width="286" height="425" frameX="-207" frameY="-47" frameWidth="512" frameHeight="512" />
<SubTexture name="boyfrixed dance0048" x="2359" y="3083" width="286" height="424" frameX="-207" frameY="-48" frameWidth="512" frameHeight="512" />
<SubTexture name="boyfrixed dance0049" x="2645" y="3083" width="287" height="424" frameX="-206" frameY="-48" frameWidth="512" frameHeight="512" />
<SubTexture name="boyfrixed dance0050" x="2932" y="3083" width="288" height="424" frameX="-204" frameY="-48" frameWidth="512" frameHeight="512" />
<SubTexture name="boyfrixed dance0051" x="3220" y="3083" width="289" height="424" frameX="-203" frameY="-48" frameWidth="512" frameHeight="512" />
<SubTexture name="boyfrixed dance0052" x="3509" y="3083" width="290" height="424" frameX="-201" frameY="-48" frameWidth="512" frameHeight="512" />
<SubTexture name="boyfrixed dance0053" x="3815" y="0" width="291" height="424" frameX="-200" frameY="-48" frameWidth="512" frameHeight="512" />
<SubTexture name="boyfrixed dance0054" x="3815" y="424" width="291" height="424" frameX="-199" frameY="-48" frameWidth="512" frameHeight="512" />
<SubTexture name="boyfrixed dance0055" x="0" y="3508" width="292" height="424" frameX="-199" frameY="-48" frameWidth="512" frameHeight="512" />
<SubTexture name="boyfrixed dance0056" x="3815" y="848" width="282" height="424" frameX="-199" frameY="-48" frameWidth="512" frameHeight="512" />
<SubTexture name="boyfrixed dance0057" x="3815" y="1272" width="272" height="424" frameX="-200" frameY="-48" frameWidth="512" frameHeight="512" />
<SubTexture name="boyfrixed dance0058" x="3815" y="1696" width="261" height="424" frameX="-201" frameY="-48" frameWidth="512" frameHeight="512" />
<SubTexture name="boyfrixed dance0059" x="3815" y="2120" width="251" height="424" frameX="-201" frameY="-48" frameWidth="512" frameHeight="512" />
<SubTexture name="boyfrixed dance0060" x="3815" y="2544" width="241" height="424" frameX="-201" frameY="-48" frameWidth="512" frameHeight="512" />
<SubTexture name="boyfrixed dance0061" x="3815" y="2968" width="229" height="424" frameX="-201" frameY="-48" frameWidth="512" frameHeight="512" />
<SubTexture name="boyfrixed dance0062" x="3168" y="426" width="218" height="424" frameX="-199" frameY="-48" frameWidth="512" frameHeight="512" />
<SubTexture name="boyfrixed dance0063" x="3168" y="850" width="206" height="423" frameX="-196" frameY="-49" frameWidth="512" frameHeight="512" />
<SubTexture name="boyfrixed dance0064" x="3168" y="1273" width="195" height="423" frameX="-190" frameY="-49" frameWidth="512" frameHeight="512" />
<SubTexture name="boyfrixed dance0065" x="4398" y="422" width="191" height="422" frameX="-182" frameY="-50" frameWidth="512" frameHeight="512" />
<SubTexture name="boyfrixed dance0066" x="4397" y="844" width="194" height="421" frameX="-173" frameY="-51" frameWidth="512" frameHeight="512" />
<SubTexture name="boyfrixed dance0067" x="4393" y="2532" width="198" height="420" frameX="-166" frameY="-52" frameWidth="512" frameHeight="512" />
<SubTexture name="boyfrixed dance0068" x="4391" y="2954" width="200" height="420" frameX="-161" frameY="-52" frameWidth="512" frameHeight="512" />
<SubTexture name="boyfrixed dance0069" x="3168" y="2540" width="201" height="420" frameX="-159" frameY="-52" frameWidth="512" frameHeight="512" />
<SubTexture name="boyfrixed dance0070" x="4387" y="3376" width="202" height="421" frameX="-158" frameY="-51" frameWidth="512" frameHeight="512" />
<SubTexture name="boyfrixed dance0071" x="3168" y="2119" width="202" height="421" frameX="-158" frameY="-51" frameWidth="512" frameHeight="512" />
<SubTexture name="boyfrixed dance0072" x="2693" y="856" width="201" height="420" frameX="-159" frameY="-52" frameWidth="512" frameHeight="512" />
<SubTexture name="boyfrixed dance0073" x="2693" y="1276" width="200" height="420" frameX="-161" frameY="-52" frameWidth="512" frameHeight="512" />
<SubTexture name="boyfrixed dance0074" x="2693" y="1696" width="200" height="420" frameX="-162" frameY="-52" frameWidth="512" frameHeight="512" />
<SubTexture name="boyfrixed dance0075" x="2693" y="2116" width="200" height="420" frameX="-162" frameY="-52" frameWidth="512" frameHeight="512" />
<SubTexture name="boyfrixed dance0076" x="3168" y="1696" width="200" height="423" frameX="-162" frameY="-49" frameWidth="512" frameHeight="512" />
<SubTexture name="boyfrixed dance0077" x="1292" y="895" width="200" height="417" frameX="-162" frameY="-55" frameWidth="512" frameHeight="512" />
<SubTexture name="boyfrixed dance0078" x="4956" y="396" width="198" height="395" frameX="-163" frameY="-80" frameWidth="512" frameHeight="512" />
<SubTexture name="boyfrixed dance0079" x="4956" y="1577" width="197" height="391" frameX="-163" frameY="-85" frameWidth="512" frameHeight="512" />
<SubTexture name="boyfrixed dance0080" x="4956" y="791" width="197" height="394" frameX="-163" frameY="-82" frameWidth="512" frameHeight="512" />
<SubTexture name="boyfrixed dance0081" x="4956" y="791" width="197" height="394" frameX="-163" frameY="-82" frameWidth="512" frameHeight="512" />
<SubTexture name="boyfrixed dance0082" x="4956" y="791" width="197" height="394" frameX="-163" frameY="-82" frameWidth="512" frameHeight="512" />
<SubTexture name="boyfrixed dance0083" x="4956" y="791" width="197" height="394" frameX="-163" frameY="-82" frameWidth="512" frameHeight="512" />
<SubTexture name="boyfrixed dance0084" x="4956" y="791" width="197" height="394" frameX="-163" frameY="-82" frameWidth="512" frameHeight="512" />
<SubTexture name="boyfrixed dance0085" x="4956" y="791" width="197" height="394" frameX="-163" frameY="-82" frameWidth="512" frameHeight="512" />
<SubTexture name="boyfrixed dance0086" x="4956" y="1968" width="196" height="391" frameX="-168" frameY="-85" frameWidth="512" frameHeight="512" />
<SubTexture name="boyfrixed dance0087" x="4591" y="828" width="241" height="407" frameX="-145" frameY="-69" frameWidth="512" frameHeight="512" />
<SubTexture name="boyfrixed dance0088" x="1502" y="442" width="304" height="439" frameX="-37" frameY="-37" frameWidth="512" frameHeight="512" />
<SubTexture name="boyfrixed dance0089" x="314" y="0" width="314" height="446" frameX="-26" frameY="-30" frameWidth="512" frameHeight="512" />
<SubTexture name="boyfrixed dance0090" x="1502" y="0" width="307" height="442" frameX="-33" frameY="-34" frameWidth="512" frameHeight="512" />
<SubTexture name="boyfrixed dance0091" x="2253" y="1752" width="315" height="438" frameX="-25" frameY="-38" frameWidth="512" frameHeight="512" />
<SubTexture name="boyfrixed dance0092" x="2194" y="2218" width="318" height="436" frameX="-22" frameY="-40" frameWidth="512" frameHeight="512" />
<SubTexture name="boyfrixed dance0093" x="0" y="0" width="314" height="451" frameX="-61" frameY="-25" frameWidth="512" frameHeight="512" />
<SubTexture name="boyfrixed dance0094" x="456" y="1339" width="318" height="439" frameX="-194" frameY="-37" frameWidth="512" frameHeight="512" />
<SubTexture name="boyfrixed dance0095" x="1254" y="3932" width="303" height="420" frameX="-209" frameY="-56" frameWidth="512" frameHeight="512" />
<SubTexture name="boyfrixed dance0096" x="0" y="3932" width="304" height="422" frameX="-208" frameY="-54" frameWidth="512" frameHeight="512" />
<SubTexture name="boyfrixed dodge0000" x="2422" y="2655" width="308" height="427" frameX="-204" frameY="-49" frameWidth="512" frameHeight="512" />
<SubTexture name="boyfrixed dodge0001" x="5175" y="755" width="263" height="376" frameX="-186" frameY="-59" frameWidth="512" frameHeight="512" />
<SubTexture name="boyfrixed dodge0002" x="5175" y="1131" width="262" height="376" frameX="-186" frameY="-59" frameWidth="512" frameHeight="512" />
<SubTexture name="boyfrixed dodge0003" x="2895" y="4767" width="267" height="384" frameX="-184" frameY="-59" frameWidth="512" frameHeight="512" />
<SubTexture name="boyfrixed dodge0004" x="3162" y="4767" width="272" height="384" frameX="-182" frameY="-59" frameWidth="512" frameHeight="512" />
<SubTexture name="boyfrixed dodge0005" x="3799" y="4767" width="273" height="382" frameX="-184" frameY="-59" frameWidth="512" frameHeight="512" />
<SubTexture name="boyfrixed dodge0006" x="5175" y="378" width="268" height="377" frameX="-188" frameY="-60" frameWidth="512" frameHeight="512" />
<SubTexture name="boyfrixed dodge0007" x="5175" y="1882" width="266" height="374" frameX="-189" frameY="-61" frameWidth="512" frameHeight="512" />
<SubTexture name="boyfrixed dodge0008" x="5175" y="4496" width="265" height="373" frameX="-190" frameY="-61" frameWidth="512" frameHeight="512" />
<SubTexture name="boyfrixed dodge0009" x="5175" y="2256" width="266" height="374" frameX="-189" frameY="-61" frameWidth="512" frameHeight="512" />
<SubTexture name="boyfrixed dodge0010" x="5175" y="2630" width="266" height="374" frameX="-189" frameY="-61" frameWidth="512" frameHeight="512" />
</TextureAtlas>
