<?xml version='1.0' encoding='utf-8'?>
<TextureAtlas imagePath="fantysmc.png">
<SubTexture name="fantysmc idle0000" x="493" y="510" width="123" height="242" frameX="-88" frameY="-208" frameWidth="512" frameHeight="512" />
<SubTexture name="fantysmc idle0001" x="616" y="510" width="124" height="242" frameX="-88" frameY="-208" frameWidth="512" frameHeight="512" />
<SubTexture name="fantysmc idle0002" x="1023" y="242" width="123" height="241" frameX="-89" frameY="-208" frameWidth="512" frameHeight="512" />
<SubTexture name="fantysmc idle0003" x="1023" y="483" width="123" height="241" frameX="-89" frameY="-208" frameWidth="512" frameHeight="512" />
<SubTexture name="fantysmc idle0004" x="1023" y="724" width="123" height="241" frameX="-89" frameY="-208" frameWidth="512" frameHeight="512" />
<SubTexture name="fantysmc idle0005" x="779" y="0" width="123" height="242" frameX="-89" frameY="-208" frameWidth="512" frameHeight="512" />
<SubTexture name="fantysmc idle0006" x="779" y="242" width="122" height="242" frameX="-89" frameY="-208" frameWidth="512" frameHeight="512" />
<SubTexture name="fantysmc idle0007" x="779" y="484" width="122" height="242" frameX="-88" frameY="-209" frameWidth="512" frameHeight="512" />
<SubTexture name="fantysmc idle0008" x="902" y="484" width="120" height="241" frameX="-87" frameY="-210" frameWidth="512" frameHeight="512" />
<SubTexture name="fantysmc idle0009" x="1166" y="0" width="120" height="241" frameX="-85" frameY="-210" frameWidth="512" frameHeight="512" />
<SubTexture name="fantysmc idle0010" x="902" y="0" width="121" height="242" frameX="-83" frameY="-209" frameWidth="512" frameHeight="512" />
<SubTexture name="fantysmc idle0011" x="902" y="242" width="121" height="242" frameX="-82" frameY="-209" frameWidth="512" frameHeight="512" />
<SubTexture name="fantysmc idle0012" x="0" y="757" width="122" height="242" frameX="-81" frameY="-209" frameWidth="512" frameHeight="512" />
<SubTexture name="fantysmc idle0013" x="122" y="757" width="122" height="242" frameX="-81" frameY="-209" frameWidth="512" frameHeight="512" />
<SubTexture name="fantysmc idle0014" x="244" y="757" width="123" height="242" frameX="-80" frameY="-209" frameWidth="512" frameHeight="512" />
<SubTexture name="fantysmc idle0015" x="367" y="757" width="123" height="242" frameX="-80" frameY="-209" frameWidth="512" frameHeight="512" />
<SubTexture name="fantysmc idle0016" x="490" y="757" width="122" height="242" frameX="-81" frameY="-209" frameWidth="512" frameHeight="512" />
<SubTexture name="fantysmc idle0017" x="612" y="757" width="122" height="242" frameX="-81" frameY="-209" frameWidth="512" frameHeight="512" />
<SubTexture name="fantysmc idle0018" x="734" y="757" width="122" height="242" frameX="-81" frameY="-209" frameWidth="512" frameHeight="512" />
<SubTexture name="fantysmc idle0019" x="856" y="757" width="122" height="242" frameX="-81" frameY="-209" frameWidth="512" frameHeight="512" />
<SubTexture name="fantysmc idle0020" x="856" y="757" width="122" height="242" frameX="-81" frameY="-209" frameWidth="512" frameHeight="512" />
<SubTexture name="fantysmc dance0000" x="1286" y="238" width="145" height="234" frameX="-92" frameY="-211" frameWidth="512" frameHeight="512" />
<SubTexture name="fantysmc dance0001" x="1286" y="472" width="145" height="234" frameX="-92" frameY="-211" frameWidth="512" frameHeight="512" />
<SubTexture name="fantysmc dance0002" x="1286" y="706" width="147" height="234" frameX="-90" frameY="-211" frameWidth="512" frameHeight="512" />
<SubTexture name="fantysmc dance0003" x="1446" y="709" width="152" height="235" frameX="-85" frameY="-211" frameWidth="512" frameHeight="512" />
<SubTexture name="fantysmc dance0004" x="1286" y="940" width="149" height="234" frameX="-86" frameY="-211" frameWidth="512" frameHeight="512" />
<SubTexture name="fantysmc dance0005" x="1446" y="944" width="149" height="235" frameX="-85" frameY="-210" frameWidth="512" frameHeight="512" />
<SubTexture name="fantysmc dance0006" x="161" y="1239" width="147" height="234" frameX="-85" frameY="-211" frameWidth="512" frameHeight="512" />
<SubTexture name="fantysmc dance0007" x="308" y="1239" width="134" height="234" frameX="-91" frameY="-211" frameWidth="512" frameHeight="512" />
<SubTexture name="fantysmc dance0008" x="442" y="1239" width="164" height="234" frameX="-91" frameY="-211" frameWidth="512" frameHeight="512" />
<SubTexture name="fantysmc dance0009" x="606" y="1239" width="177" height="234" frameX="-88" frameY="-211" frameWidth="512" frameHeight="512" />
<SubTexture name="fantysmc dance0010" x="783" y="1239" width="179" height="234" frameX="-87" frameY="-211" frameWidth="512" frameHeight="512" />
<SubTexture name="fantysmc dance0011" x="962" y="1239" width="179" height="234" frameX="-88" frameY="-211" frameWidth="512" frameHeight="512" />
<SubTexture name="fantysmc dance0012" x="1141" y="1239" width="178" height="234" frameX="-89" frameY="-211" frameWidth="512" frameHeight="512" />
<SubTexture name="fantysmc dance0013" x="1319" y="1239" width="161" height="234" frameX="-90" frameY="-211" frameWidth="512" frameHeight="512" />
<SubTexture name="fantysmc dance0014" x="1608" y="0" width="132" height="234" frameX="-90" frameY="-211" frameWidth="512" frameHeight="512" />
<SubTexture name="fantysmc dance0015" x="1608" y="234" width="130" height="234" frameX="-90" frameY="-211" frameWidth="512" frameHeight="512" />
<SubTexture name="fantysmc dance0016" x="0" y="1474" width="134" height="234" frameX="-90" frameY="-211" frameWidth="512" frameHeight="512" />
<SubTexture name="fantysmc dance0017" x="1608" y="468" width="130" height="234" frameX="-90" frameY="-211" frameWidth="512" frameHeight="512" />
<SubTexture name="fantysmc dance0018" x="134" y="1474" width="187" height="234" frameX="-81" frameY="-211" frameWidth="512" frameHeight="512" />
<SubTexture name="fantysmc dance0019" x="321" y="1474" width="182" height="234" frameX="-87" frameY="-211" frameWidth="512" frameHeight="512" />
<SubTexture name="fantysmc dance0020" x="134" y="1474" width="187" height="234" frameX="-81" frameY="-211" frameWidth="512" frameHeight="512" />
<SubTexture name="fantysmc dance0021" x="1608" y="468" width="130" height="234" frameX="-90" frameY="-211" frameWidth="512" frameHeight="512" />
<SubTexture name="fantysmc dance0022" x="0" y="1474" width="134" height="234" frameX="-90" frameY="-211" frameWidth="512" frameHeight="512" />
<SubTexture name="fantysmc dance0023" x="1608" y="468" width="130" height="234" frameX="-90" frameY="-211" frameWidth="512" frameHeight="512" />
<SubTexture name="fantysmc dance0024" x="134" y="1474" width="187" height="234" frameX="-81" frameY="-211" frameWidth="512" frameHeight="512" />
<SubTexture name="fantysmc dance0025" x="321" y="1474" width="182" height="234" frameX="-87" frameY="-211" frameWidth="512" frameHeight="512" />
<SubTexture name="fantysmc dance0026" x="134" y="1474" width="187" height="234" frameX="-81" frameY="-211" frameWidth="512" frameHeight="512" />
<SubTexture name="fantysmc dance0027" x="1608" y="468" width="130" height="234" frameX="-90" frameY="-211" frameWidth="512" frameHeight="512" />
<SubTexture name="fantysmc dance0028" x="0" y="1474" width="134" height="234" frameX="-90" frameY="-211" frameWidth="512" frameHeight="512" />
<SubTexture name="fantysmc dance0029" x="1608" y="468" width="130" height="234" frameX="-90" frameY="-211" frameWidth="512" frameHeight="512" />
<SubTexture name="fantysmc dance0030" x="134" y="1474" width="187" height="234" frameX="-81" frameY="-211" frameWidth="512" frameHeight="512" />
<SubTexture name="fantysmc dance0031" x="321" y="1474" width="182" height="234" frameX="-87" frameY="-211" frameWidth="512" frameHeight="512" />
<SubTexture name="fantysmc dance0032" x="321" y="1474" width="182" height="234" frameX="-87" frameY="-211" frameWidth="512" frameHeight="512" />
<SubTexture name="fantysmc down0000" x="1740" y="232" width="143" height="216" frameX="-83" frameY="-237" frameWidth="512" frameHeight="512" />
<SubTexture name="fantysmc down0001" x="1740" y="448" width="143" height="216" frameX="-83" frameY="-237" frameWidth="512" frameHeight="512" />
<SubTexture name="fantysmc down0002" x="1740" y="1312" width="143" height="215" frameX="-83" frameY="-238" frameWidth="512" frameHeight="512" />
<SubTexture name="fantysmc down0003" x="1899" y="0" width="143" height="215" frameX="-83" frameY="-238" frameWidth="512" frameHeight="512" />
<SubTexture name="fantysmc down0004" x="1899" y="215" width="142" height="215" frameX="-83" frameY="-238" frameWidth="512" frameHeight="512" />
<SubTexture name="fantysmc down0005" x="1740" y="664" width="141" height="216" frameX="-84" frameY="-237" frameWidth="512" frameHeight="512" />
<SubTexture name="fantysmc down0006" x="1740" y="880" width="140" height="216" frameX="-85" frameY="-236" frameWidth="512" frameHeight="512" />
<SubTexture name="fantysmc down0007" x="1740" y="1096" width="140" height="216" frameX="-85" frameY="-235" frameWidth="512" frameHeight="512" />
<SubTexture name="fantysmc down0008" x="1899" y="430" width="140" height="215" frameX="-85" frameY="-235" frameWidth="512" frameHeight="512" />
<SubTexture name="fantysmc down0009" x="1899" y="645" width="140" height="214" frameX="-85" frameY="-235" frameWidth="512" frameHeight="512" />
<SubTexture name="fantysmc down0010" x="1899" y="859" width="140" height="214" frameX="-85" frameY="-235" frameWidth="512" frameHeight="512" />
<SubTexture name="fantysmc down0011" x="1899" y="1073" width="140" height="214" frameX="-85" frameY="-235" frameWidth="512" frameHeight="512" />
<SubTexture name="fantysmc down0012" x="1899" y="1287" width="140" height="214" frameX="-85" frameY="-235" frameWidth="512" frameHeight="512" />
<SubTexture name="fantysmc down0013" x="0" y="1708" width="140" height="214" frameX="-85" frameY="-235" frameWidth="512" frameHeight="512" />
<SubTexture name="fantysmc down0014" x="140" y="1708" width="140" height="214" frameX="-85" frameY="-235" frameWidth="512" frameHeight="512" />
<SubTexture name="fantysmc down0015" x="140" y="1708" width="140" height="214" frameX="-85" frameY="-235" frameWidth="512" frameHeight="512" />
<SubTexture name="fantysmc left0000" x="983" y="1474" width="159" height="233" frameX="-64" frameY="-210" frameWidth="512" frameHeight="512" />
<SubTexture name="fantysmc left0001" x="1142" y="1474" width="159" height="233" frameX="-64" frameY="-210" frameWidth="512" frameHeight="512" />
<SubTexture name="fantysmc left0002" x="1740" y="0" width="159" height="232" frameX="-64" frameY="-211" frameWidth="512" frameHeight="512" />
<SubTexture name="fantysmc left0003" x="1301" y="1474" width="160" height="233" frameX="-64" frameY="-210" frameWidth="512" frameHeight="512" />
<SubTexture name="fantysmc left0004" x="1461" y="1474" width="162" height="233" frameX="-64" frameY="-210" frameWidth="512" frameHeight="512" />
<SubTexture name="fantysmc left0005" x="1042" y="999" width="163" height="238" frameX="-64" frameY="-205" frameWidth="512" frameHeight="512" />
<SubTexture name="fantysmc left0006" x="1446" y="0" width="162" height="237" frameX="-64" frameY="-206" frameWidth="512" frameHeight="512" />
<SubTexture name="fantysmc left0007" x="0" y="1239" width="161" height="235" frameX="-65" frameY="-208" frameWidth="512" frameHeight="512" />
<SubTexture name="fantysmc left0008" x="1446" y="237" width="159" height="236" frameX="-66" frameY="-207" frameWidth="512" frameHeight="512" />
<SubTexture name="fantysmc left0009" x="1446" y="473" width="159" height="236" frameX="-66" frameY="-207" frameWidth="512" frameHeight="512" />
<SubTexture name="fantysmc left0010" x="503" y="1474" width="160" height="234" frameX="-66" frameY="-209" frameWidth="512" frameHeight="512" />
<SubTexture name="fantysmc left0011" x="663" y="1474" width="160" height="234" frameX="-66" frameY="-209" frameWidth="512" frameHeight="512" />
<SubTexture name="fantysmc left0012" x="823" y="1474" width="160" height="234" frameX="-66" frameY="-209" frameWidth="512" frameHeight="512" />
<SubTexture name="fantysmc left0013" x="823" y="1474" width="160" height="234" frameX="-66" frameY="-209" frameWidth="512" frameHeight="512" />
<SubTexture name="fantysmc left0014" x="823" y="1474" width="160" height="234" frameX="-66" frameY="-209" frameWidth="512" frameHeight="512" />
<SubTexture name="fantysmc left0015" x="823" y="1474" width="160" height="234" frameX="-66" frameY="-209" frameWidth="512" frameHeight="512" />
<SubTexture name="fantysmc right0000" x="0" y="510" width="124" height="247" frameX="-80" frameY="-204" frameWidth="512" frameHeight="512" />
<SubTexture name="fantysmc right0001" x="124" y="510" width="122" height="247" frameX="-81" frameY="-204" frameWidth="512" frameHeight="512" />
<SubTexture name="fantysmc right0002" x="246" y="510" width="121" height="247" frameX="-81" frameY="-205" frameWidth="512" frameHeight="512" />
<SubTexture name="fantysmc right0003" x="367" y="510" width="126" height="245" frameX="-77" frameY="-205" frameWidth="512" frameHeight="512" />
<SubTexture name="fantysmc right0004" x="1023" y="0" width="143" height="242" frameX="-66" frameY="-204" frameWidth="512" frameHeight="512" />
<SubTexture name="fantysmc right0005" x="1286" y="0" width="160" height="238" frameX="-61" frameY="-203" frameWidth="512" frameHeight="512" />
<SubTexture name="fantysmc right0006" x="0" y="999" width="172" height="240" frameX="-61" frameY="-201" frameWidth="512" frameHeight="512" />
<SubTexture name="fantysmc right0007" x="172" y="999" width="175" height="240" frameX="-62" frameY="-201" frameWidth="512" frameHeight="512" />
<SubTexture name="fantysmc right0008" x="347" y="999" width="175" height="240" frameX="-62" frameY="-201" frameWidth="512" frameHeight="512" />
<SubTexture name="fantysmc right0009" x="522" y="999" width="174" height="240" frameX="-62" frameY="-201" frameWidth="512" frameHeight="512" />
<SubTexture name="fantysmc right0010" x="696" y="999" width="173" height="240" frameX="-62" frameY="-201" frameWidth="512" frameHeight="512" />
<SubTexture name="fantysmc right0011" x="869" y="999" width="173" height="240" frameX="-62" frameY="-201" frameWidth="512" frameHeight="512" />
<SubTexture name="fantysmc right0012" x="869" y="999" width="173" height="240" frameX="-62" frameY="-201" frameWidth="512" frameHeight="512" />
<SubTexture name="fantysmc right0013" x="869" y="999" width="173" height="240" frameX="-62" frameY="-201" frameWidth="512" frameHeight="512" />
<SubTexture name="fantysmc right0014" x="869" y="999" width="173" height="240" frameX="-62" frameY="-201" frameWidth="512" frameHeight="512" />
<SubTexture name="fantysmc right0015" x="869" y="999" width="173" height="240" frameX="-62" frameY="-201" frameWidth="512" frameHeight="512" />
<SubTexture name="fantysmc up0000" x="518" y="253" width="125" height="252" frameX="-78" frameY="-201" frameWidth="512" frameHeight="512" />
<SubTexture name="fantysmc up0001" x="393" y="255" width="125" height="252" frameX="-79" frameY="-201" frameWidth="512" frameHeight="512" />
<SubTexture name="fantysmc up0002" x="651" y="252" width="125" height="251" frameX="-79" frameY="-202" frameWidth="512" frameHeight="512" />
<SubTexture name="fantysmc up0003" x="651" y="0" width="128" height="252" frameX="-76" frameY="-201" frameWidth="512" frameHeight="512" />
<SubTexture name="fantysmc up0004" x="518" y="0" width="133" height="253" frameX="-70" frameY="-200" frameWidth="512" frameHeight="512" />
<SubTexture name="fantysmc up0005" x="258" y="255" width="135" height="254" frameX="-67" frameY="-199" frameWidth="512" frameHeight="512" />
<SubTexture name="fantysmc up0006" x="0" y="0" width="131" height="255" frameX="-68" frameY="-198" frameWidth="512" frameHeight="512" />
<SubTexture name="fantysmc up0007" x="131" y="0" width="129" height="255" frameX="-68" frameY="-198" frameWidth="512" frameHeight="512" />
<SubTexture name="fantysmc up0008" x="260" y="0" width="129" height="255" frameX="-68" frameY="-198" frameWidth="512" frameHeight="512" />
<SubTexture name="fantysmc up0009" x="389" y="0" width="129" height="255" frameX="-68" frameY="-198" frameWidth="512" frameHeight="512" />
<SubTexture name="fantysmc up0010" x="0" y="255" width="129" height="255" frameX="-68" frameY="-198" frameWidth="512" frameHeight="512" />
<SubTexture name="fantysmc up0011" x="129" y="255" width="129" height="255" frameX="-68" frameY="-198" frameWidth="512" frameHeight="512" />
<SubTexture name="fantysmc up0012" x="129" y="255" width="129" height="255" frameX="-68" frameY="-198" frameWidth="512" frameHeight="512" />
<SubTexture name="fantysmc up0013" x="129" y="255" width="129" height="255" frameX="-68" frameY="-198" frameWidth="512" frameHeight="512" />
<SubTexture name="fantysmc up0014" x="129" y="255" width="129" height="255" frameX="-68" frameY="-198" frameWidth="512" frameHeight="512" />
<SubTexture name="fantysmc up0015" x="129" y="255" width="129" height="255" frameX="-68" frameY="-198" frameWidth="512" frameHeight="512" />
</TextureAtlas>
