<?xml version='1.0' encoding='utf-8'?>
<TextureAtlas imagePath="petya.png">
<SubTexture name="petya left0000" x="656" y="184" width="124" height="183" frameX="-197" frameY="-214" frameWidth="512" frameHeight="512" />
<SubTexture name="petya left0001" x="248" y="741" width="124" height="182" frameX="-197" frameY="-215" frameWidth="512" frameHeight="512" />
<SubTexture name="petya left0002" x="372" y="741" width="124" height="182" frameX="-197" frameY="-215" frameWidth="512" frameHeight="512" />
<SubTexture name="petya left0003" x="496" y="741" width="125" height="182" frameX="-196" frameY="-215" frameWidth="512" frameHeight="512" />
<SubTexture name="petya left0004" x="656" y="367" width="127" height="183" frameX="-194" frameY="-214" frameWidth="512" frameHeight="512" />
<SubTexture name="petya left0005" x="521" y="186" width="129" height="185" frameX="-192" frameY="-212" frameWidth="512" frameHeight="512" />
<SubTexture name="petya left0006" x="0" y="0" width="129" height="186" frameX="-192" frameY="-211" frameWidth="512" frameHeight="512" />
<SubTexture name="petya left0007" x="129" y="0" width="129" height="186" frameX="-192" frameY="-211" frameWidth="512" frameHeight="512" />
<SubTexture name="petya left0008" x="258" y="0" width="129" height="186" frameX="-192" frameY="-211" frameWidth="512" frameHeight="512" />
<SubTexture name="petya left0009" x="0" y="186" width="129" height="186" frameX="-192" frameY="-211" frameWidth="512" frameHeight="512" />
<SubTexture name="petya left0010" x="129" y="186" width="128" height="186" frameX="-193" frameY="-211" frameWidth="512" frameHeight="512" />
<SubTexture name="petya left0011" x="387" y="186" width="128" height="185" frameX="-193" frameY="-212" frameWidth="512" frameHeight="512" />
<SubTexture name="petya left0012" x="257" y="186" width="128" height="185" frameX="-193" frameY="-212" frameWidth="512" frameHeight="512" />
<SubTexture name="petya left0013" x="415" y="372" width="128" height="184" frameX="-193" frameY="-213" frameWidth="512" frameHeight="512" />
<SubTexture name="petya left0014" x="0" y="558" width="128" height="183" frameX="-193" frameY="-214" frameWidth="512" frameHeight="512" />
<SubTexture name="petya left0015" x="128" y="558" width="129" height="183" frameX="-192" frameY="-214" frameWidth="512" frameHeight="512" />
<SubTexture name="petya left0016" x="257" y="558" width="127" height="183" frameX="-194" frameY="-214" frameWidth="512" frameHeight="512" />
<SubTexture name="petya left0017" x="384" y="558" width="126" height="183" frameX="-195" frameY="-214" frameWidth="512" frameHeight="512" />
<SubTexture name="petya left0018" x="510" y="558" width="126" height="183" frameX="-195" frameY="-214" frameWidth="512" frameHeight="512" />
<SubTexture name="petya left0019" x="636" y="558" width="125" height="183" frameX="-196" frameY="-214" frameWidth="512" frameHeight="512" />
<SubTexture name="petya left0020" x="656" y="184" width="124" height="183" frameX="-197" frameY="-214" frameWidth="512" frameHeight="512" />
<SubTexture name="petya right0000" x="656" y="184" width="124" height="183" frameX="-197" frameY="-214" frameWidth="512" frameHeight="512" />
<SubTexture name="petya right0001" x="789" y="0" width="124" height="183" frameX="-197" frameY="-214" frameWidth="512" frameHeight="512" />
<SubTexture name="petya right0002" x="789" y="183" width="123" height="183" frameX="-198" frameY="-214" frameWidth="512" frameHeight="512" />
<SubTexture name="petya right0003" x="789" y="366" width="123" height="183" frameX="-198" frameY="-214" frameWidth="512" frameHeight="512" />
<SubTexture name="petya right0004" x="621" y="741" width="127" height="182" frameX="-196" frameY="-215" frameWidth="512" frameHeight="512" />
<SubTexture name="petya right0005" x="656" y="0" width="133" height="184" frameX="-192" frameY="-213" frameWidth="512" frameHeight="512" />
<SubTexture name="petya right0006" x="387" y="0" width="134" height="186" frameX="-193" frameY="-211" frameWidth="512" frameHeight="512" />
<SubTexture name="petya right0007" x="521" y="0" width="135" height="186" frameX="-194" frameY="-211" frameWidth="512" frameHeight="512" />
<SubTexture name="petya right0008" x="0" y="372" width="136" height="186" frameX="-194" frameY="-211" frameWidth="512" frameHeight="512" />
<SubTexture name="petya right0009" x="136" y="372" width="139" height="186" frameX="-193" frameY="-211" frameWidth="512" frameHeight="512" />
<SubTexture name="petya right0010" x="275" y="372" width="140" height="186" frameX="-193" frameY="-211" frameWidth="512" frameHeight="512" />
<SubTexture name="petya right0011" x="136" y="372" width="139" height="186" frameX="-193" frameY="-211" frameWidth="512" frameHeight="512" />
<SubTexture name="petya right0012" x="0" y="372" width="136" height="186" frameX="-194" frameY="-211" frameWidth="512" frameHeight="512" />
<SubTexture name="petya right0013" x="521" y="0" width="135" height="186" frameX="-194" frameY="-211" frameWidth="512" frameHeight="512" />
<SubTexture name="petya right0014" x="387" y="0" width="134" height="186" frameX="-193" frameY="-211" frameWidth="512" frameHeight="512" />
<SubTexture name="petya right0015" x="656" y="0" width="133" height="184" frameX="-192" frameY="-213" frameWidth="512" frameHeight="512" />
<SubTexture name="petya right0016" x="748" y="741" width="127" height="182" frameX="-196" frameY="-215" frameWidth="512" frameHeight="512" />
<SubTexture name="petya right0017" x="789" y="549" width="123" height="183" frameX="-198" frameY="-214" frameWidth="512" frameHeight="512" />
<SubTexture name="petya right0018" x="913" y="0" width="123" height="183" frameX="-198" frameY="-214" frameWidth="512" frameHeight="512" />
<SubTexture name="petya right0019" x="0" y="741" width="124" height="183" frameX="-197" frameY="-214" frameWidth="512" frameHeight="512" />
<SubTexture name="petya right0020" x="124" y="741" width="124" height="183" frameX="-197" frameY="-214" frameWidth="512" frameHeight="512" />
</TextureAtlas>
